id,domain,status,purchase_price,renewal_price,attractiveness,demand,length,registrar,created_at,expires_at,status_verified_at
58423feb-7551-45dc-a9b0-7df2e88b0700,improver.black,available,17.48,82.98,high,low,8,namecheap,,,21/08/2026 14:58
e90585cf-8b19-4a86-bd15-a1a47e637b15,admittance.black,available,27.99,64.99,high,low,10,namesilo,,,16/09/2026 22:13
bc87b610-1e6e-4088-988c-85f0ba17d1c8,terzetto.black,available,17.48,82.98,medium,low,8,namecheap,,,
367828c8-d519-4e50-b6c9-882a46f3b9df,archil.black,available,27.99,64.99,medium,low,6,namesilo,,,20/09/2026 02:06
a9bf95ce-dd13-4ef5-83f8-30d40d34122c,locally.black,available,15.73,51.95,medium,low,7,spaceship,,,28/09/2026 16:11
d9be2179-b302-421c-a6af-f10fda6e9dda,sharps.black,available,27.99,64.99,medium,low,6,namesilo,,,20/09/2026 09:14
150caa2a-5c71-4132-ac83-6cf4cd96c110,wobbly.black,available,17.48,82.98,medium,low,6,namecheap,,,27/09/2026 14:59
fa42168c-ad11-4e00-a762-e1a1e43a6fa2,silken.black,available,17.48,82.98,high,low,6,namecheap,,,09/09/2026 21:43
62970b9e-5a2e-4cae-83f6-38af08fbb42e,neglect.black,available,27.99,64.99,high,low,7,namesilo,,,29/09/2026 16:14
961da1b9-e5ea-4e8f-8729-38f22937c0f9,floodlit.black,available,17.48,82.98,medium,low,8,namecheap,,,18/08/2026 08:47
50d26f52-1acd-438a-a17e-899206882c4a,derivative.black,premium,78.54,78.54,high,low,10,namesilo,,,14/08/2026 03:01
948d4a25-fcf5-4d4d-a0f8-16a171549a50,neurogenic.black,available,17.48,82.98,medium,low,10,namecheap,,,03/09/2026 16:12
ef150384-c6c2-436f-aa22-53e1ca87c5f7,parable.black,available,27.99,64.99,high,low,7,namesilo,,,18/09/2026 10:36
46c19d15-fec9-4585-98a4-ac3cd01e6d99,sabha.black,available,15.73,51.95,medium,low,5,spaceship,,,29/09/2026 21:35
27218297-ff9e-4e33-870c-932dee656442,styptic.black,available,17.48,82.98,medium,low,7,namecheap,,,07/08/2026 10:00
e64afd35-ca29-416e-a141-798ca8cdb28a,meets.black,available,27.99,64.99,high,low,5,namesilo,,,27/09/2026 06:26
0bac2259-aa2d-4542-9987-5c5bc673da68,catalytic.black,available,17.48,82.98,high,low,9,namecheap,,,11/08/2026 20:58
929edad7-4bee-465c-a7c1-61a4a1bcb040,abilities.black,available,27.99,64.99,high,low,9,namesilo,,,17/09/2026 04:45
24943518-c86a-449b-9532-2a560ce864a8,roth.black,available,27.99,64.99,high,low,4,namesilo,,,25/09/2026 09:56
84332eee-9891-4124-bed4-64819e70895e,algebraist.black,available,17.48,82.98,medium,low,10,namecheap,,,18/09/2026 06:55
8f83bc3f-1614-40e6-b92c-de8148ebbac9,soberly.black,available,17.48,82.98,medium,low,7,namecheap,,,14/09/2026 22:10
9a912c3c-dedf-495f-a90c-4cb83c90a457,turkestan.black,available,27.99,64.99,medium,low,9,namesilo,,,30/09/2026 03:05
c4bcd53e-9fd1-4797-99c6-7537e957c6ac,lashing.black,available,17.48,82.98,medium,low,7,namecheap,,,22/08/2026 20:10
3dbde73c-7fc8-488b-b5a6-fcf2be984f00,kindness.black,available,26.5,,high,low,8,unstoppable,,,29/09/2026 19:54
3b33653b-582a-465f-b1a2-033d4eaf3fdd,curvey.black,available,17.48,82.98,medium,low,6,namecheap,,,13/08/2026 11:51
0c9a38e1-a81d-4372-a3cf-2cdf92ad9a1c,chalmers.black,available,27.99,64.99,medium,low,8,namesilo,,,27/09/2026 20:38
7c40d32d-0cd8-48bb-9a12-e1bc0ba7d8bd,amerind.black,available,17.48,82.98,medium,low,7,namecheap,,,
edd4cc02-c501-4cc2-abf5-9eab8b38e9f9,offend.black,available,17.48,82.98,medium,low,6,namecheap,,,28/09/2026 18:28
1d06d295-b2af-4cdd-95ba-f3ef01e7e2c6,certain.black,available,15.73,51.95,high,low,7,spaceship,,,27/09/2026 19:05
89f145e3-4a87-4996-8118-60d5b77cfc37,unframed.black,available,17.48,82.98,medium,low,8,namecheap,,,12/09/2026 10:41
4817c83b-4af1-442e-a865-519987f69f42,began.black,available,29.99,,medium,low,5,name.com,,,
bf5df3b2-7b88-48cc-a629-48c3fe350ede,muggy.black,available,17.48,82.98,medium,low,5,namecheap,,,03/09/2026 10:31
d175c7df-da92-4c9e-b769-f40312bd0570,perceiving.black,available,29.99,,high,low,10,name.com,,,
4647189c-e5ec-411f-a9de-d0624c839971,sensual.black,available,27.99,64.99,high,low,7,namesilo,,,22/09/2026 04:34
bfa8b6c4-003d-452f-8fdf-b788c4b8b3cc,convenient.black,available,27.99,64.99,high,low,10,namesilo,,,23/09/2026 15:48
51706f3d-3b6f-4a12-9c99-d37814257606,sailed.black,available,27.99,64.99,high,low,6,namesilo,,,17/09/2026 07:33
548a88c9-d148-4147-8c52-d57296eefa03,corinth.black,available,50.2,50.2,high,low,7,cloudflare,,,30/09/2026 16:47
097dd22b-f4e8-491c-8a1e-8eaad3b531d2,anklet.black,available,17.48,82.98,high,low,6,namecheap,,,19/09/2026 09:41
afc0eabe-17e6-46af-86bc-bfbb86a9be2c,annex.black,available,26.5,,medium,low,5,unstoppable,,,28/09/2026 21:27
c7043aea-752f-4763-a4e5-32a4e960cfe0,putting.black,available,27.99,64.99,high,low,7,namesilo,,,25/09/2026 10:11
ff781767-c7ca-4715-8e2d-ef2f566c8413,bugged.black,available,27.99,64.99,medium,low,6,namesilo,,,23/09/2026 10:21
584f13fd-71eb-4ce0-82bb-b5bc0230662f,bartlett.black,available,27.99,64.99,high,low,8,namesilo,,,22/09/2026 09:19
71941289-985e-47cb-840d-7978d3506811,perceive.black,available,17.48,82.98,high,low,8,namecheap,,,29/09/2026 20:45
4f92f156-5142-4454-af79-34f725cf159b,crimes.black,available,29.99,,high,low,6,name.com,,,
f5869e6c-f41b-4c5c-83b4-ae4e9337d614,plant.black,premium,78.54,78.54,high,low,5,namesilo,,,25/09/2026 07:48
e7fb7f58-5fcb-4f28-af96-70600a9c716c,amenia.black,available,17.48,82.98,medium,low,6,namecheap,,,18/09/2026 18:47
6e101ad3-57ad-48ea-a286-f7420a2b522f,kirk.black,available,27.99,64.99,high,low,4,namesilo,,,25/09/2026 08:51
3cf8f901-6949-470a-9e31-4aeb009ee260,ablated.black,available,17.48,82.98,medium,low,7,namecheap,,,
90476d87-1446-49a1-8739-747470ff4e15,alarmed.black,available,17.48,82.98,medium,low,7,namecheap,,,
bb55c06f-3f53-4cd4-989e-3dfb6aab3c3a,arlington.black,available,27.99,64.99,medium,low,9,namesilo,,,20/09/2026 06:16
e3ead785-829c-4824-b480-8232da92fbec,kurds.black,available,15.73,51.95,medium,low,5,spaceship,,,28/09/2026 05:10
8d0ae7ed-a048-4b50-bd64-90975ec97b43,cosset.black,available,29.99,88.49,high,low,6,name.com,,,21/09/2026 13:00
25bf73a1-b848-4aa3-b78a-1c0449cc7034,nac.black,available,27.99,64.99,high,low,3,namesilo,,,29/09/2026 13:31
72142a37-c2cf-4e56-8e34-d5c631a4719e,banker.black,available,17.48,82.98,high,low,6,namecheap,,,22/09/2026 02:46
9d049306-10d4-46ba-bf7d-4dc2c0ab0a74,deerfield.black,available,16.27,53.72,high,low,9,dynadot,,,29/09/2026 10:06
a184127a-a418-4f40-98db-948c6023a3b5,respects.black,available,26.5,,high,low,8,unstoppable,,,30/09/2026 09:58
be3e2131-6641-4a08-a265-7103d116d1ce,chekov.black,available,27.99,64.99,medium,low,6,namesilo,,,19/09/2026 15:28
3348c9aa-9efa-4e22-8002-78cefcd503ec,armored.black,available,27.99,64.99,high,low,7,namesilo,,,22/09/2026 08:00
7be1511a-e08c-4f5e-bc82-647599e5d839,cloning.black,available,27.99,64.99,high,low,7,namesilo,,,24/09/2026 15:52
21fc7bc6-3b2f-4670-9a01-b2ca31416071,brutish.black,available,17.48,82.98,low,low,7,namecheap,,,09/08/2026 17:59
3177ee2e-11a7-4c72-a216-279082b332d8,blackbuck.black,available,27.99,64.99,medium,low,9,namesilo,,,19/09/2026 14:39
4b42b16c-f791-4ff6-bc8a-c1ceb4ce1176,abm.black,available,27.99,64.99,high,low,3,namesilo,,,16/09/2026 16:15
d8dffbd5-5bb5-4ca1-ac76-10eccbbd3ce1,braunschweig.black,available,27.99,64.99,medium,low,12,namesilo,,,30/09/2026 15:41
b33e7462-9264-44ba-9fae-2c71b09ca6d1,abettal.black,available,27.99,64.99,medium,low,7,namesilo,,,16/09/2026 15:18
460e7f6e-3a7f-4af2-82e9-bd8303d19537,bisexual.black,available,17.48,82.98,high,low,8,namecheap,,,10/08/2026 06:14
2a9dd221-45ca-4350-85d4-faa1514ab273,instrumental.black,available,17.48,82.98,high,low,12,namecheap,,,29/09/2026 08:27
36673400-0c9e-4ced-9f19-c75c34c22777,seaworthy.black,available,17.48,82.98,medium,low,9,namecheap,,,10/09/2026 01:05
a9b03361-b603-492d-97a7-17be3c5b127b,lordly.black,available,17.48,82.98,medium,low,6,namecheap,,,07/08/2026 17:05
35e03341-0f95-487e-b295-14f2a9dacbcf,idler.black,available,17.48,82.98,medium,low,5,namecheap,,,14/08/2026 14:10
a8e40e25-5fef-47a5-8657-1e29e8f87d6a,dinky.black,available,17.48,82.98,medium,low,5,namecheap,,,14/08/2026 08:14
9c923161-86c9-484e-9924-63dd7e9ae773,judea.black,available,50.2,50.2,medium,low,5,cloudflare,,,29/09/2026 07:23
72b19c38-155b-4921-94a7-f7d767c617ee,superbug.black,available,27.99,64.99,medium,low,8,namesilo,,,23/09/2026 07:17
15ed51fa-6e50-46b7-a7d2-14d217de5e31,appraisals.black,available,17.48,82.98,medium,low,10,namecheap,,,08/09/2026 07:32
fe2101c0-23cf-44fc-a353-a02c2bd02e09,abominable.black,available,17.48,82.98,medium,low,10,namecheap,,,
0d77be70-4bb6-4f69-a45e-c86f4c281aec,missoula.black,available,26.5,,medium,low,8,unstoppable,,,29/09/2026 01:41
b3b0cc85-25dc-462b-8b77-d5f970479ebe,sued.black,available,29.99,,low,low,4,name.com,,,
74ba0fca-34ec-4280-b35d-2c57968e575e,dampen.black,available,29.99,88.49,medium,low,6,name.com,,,13/08/2026 16:53
3dca2e5f-1bcd-454a-a732-34ad5f939d5c,borne.black,available,29.99,,medium,low,5,name.com,,,
884bc962-2f5f-48da-800d-6644cdafd986,executing.black,available,26.5,,medium,low,9,unstoppable,,,29/09/2026 07:22
286e083d-f852-406a-9e16-d9f9f64a8750,greenback.black,available,27.99,64.99,high,low,9,namesilo,,,22/09/2026 02:17
6a3fa680-eff8-476f-a89c-aac38d088f7f,antic.black,available,17.48,82.98,high,low,5,namecheap,,,
f9103848-454f-4e99-9ec2-38985ebb6e6f,clark.black,premium,88.49,82.5,high,medium,5,name.com,,,25/09/2026 04:11
766f6ab3-8add-45e5-8251-8b87f4ff77fd,explosion.black,available,27.99,64.99,medium,low,9,namesilo,,,25/09/2026 21:57
24e08b55-4164-4d71-8472-2f6cd9cf26b0,organized.black,available,17.48,82.98,high,low,9,namecheap,,,26/09/2026 00:25
fd231efc-5b76-4890-bfe2-6e948a96f086,differences.black,available,27.99,64.99,medium,low,11,namesilo,,,17/09/2026 14:00
634b5065-5812-4882-b906-13d92ed4e98e,romanist.black,available,17.48,82.98,medium,low,8,namecheap,,,05/09/2026 01:28
56835066-d4ae-4be8-b695-63bd3723fde4,foliated.black,available,17.48,82.98,medium,low,8,namecheap,,,08/09/2026 09:20
e9617c55-839d-4b63-bd91-cc1e6f896087,pinch.black,available,26.5,,high,low,5,unstoppable,,,28/09/2026 22:16
4ba703ae-c846-4e2a-b731-1e31eb916902,pitahaya.black,available,27.99,64.99,medium,low,8,namesilo,,,16/09/2026 20:46
0da8f4f1-867b-49c9-9eea-6f0f602f728d,runny.black,available,17.48,82.98,medium,low,5,namecheap,,,09/09/2026 19:37
0e51bbc5-aa1a-4820-b9b4-9be2a59794bb,picks.black,available,27.99,64.99,medium,low,5,namesilo,,,20/09/2026 07:23
f0b470a5-afb9-4727-b0b4-94c6cca96f27,vogel.black,available,15.73,51.95,high,low,5,spaceship,,,28/09/2026 04:48
92c17056-b3e2-45e3-9971-e8da0fcd83fd,mcgovern.black,available,17.48,82.98,medium,low,8,namecheap,,,28/09/2026 08:53
c252023d-b4dc-4661-b219-277db8ff82db,ranted.black,available,27.99,64.99,low,low,6,namesilo,,,20/09/2026 16:55
1ee1dc17-ab4d-40de-b2bc-7c70a09322bf,czechoslovakia.black,available,29.99,,medium,low,14,name.com,,,
0a8cd91c-e43f-4619-86e8-90310a4db441,biscuit.black,available,17.48,82.98,high,low,7,namecheap,,,23/09/2026 21:32
32709a28-f5d4-43e8-aa7a-be7caaa03e9b,gloucester.black,available,15.73,51.95,high,low,10,spaceship,,,30/09/2026 09:55
2e28965f-6c90-4c70-95cd-9dcc12452594,seeable.black,available,17.48,82.98,medium,low,7,namecheap,,,10/09/2026 01:41
ae1fef29-010d-48b8-bce0-8c42703c2a71,flirting.black,available,17.48,82.98,high,low,8,namecheap,,,29/09/2026 06:25
382a1c8a-0b62-44f3-9e12-3242d3849e19,poverty.black,available,16.27,53.72,medium,low,7,dynadot,,,29/09/2026 23:35
09778d50-43f8-40d0-bc87-981fb6ed3f14,roar.black,available,16.27,53.72,high,low,4,dynadot,,,27/09/2026 15:38
1d3ec95f-133f-4a45-a22a-f9966e6ff6fb,steeply.black,available,27.99,64.99,medium,low,7,namesilo,,,16/09/2026 06:59
b1c6e533-111a-4a8a-8f5a-ea4b70f29bdf,boiled.black,available,17.48,82.98,high,low,6,namecheap,,,10/08/2026 17:32
2d1cff41-ba3c-4a8e-8c4c-07c1690bd9b9,sixteenth.black,available,17.48,82.98,high,low,9,namecheap,,,
86f3d0bb-a820-4ac1-a35a-dc349216b67f,matilda.black,premium,,,high,low,7,,,,29/09/2026 03:20
787785cf-e454-4652-a491-714deab69f51,unimodal.black,available,17.48,82.98,medium,low,8,namecheap,,,12/09/2026 13:07
2f7dfcda-7871-4058-bd3c-f78a7e2145db,rodgers.black,available,27.99,64.99,high,low,7,namesilo,,,25/09/2026 10:22
801f9e81-beae-4f28-8fb2-9f44162b33c2,freeze.black,available,17.48,82.98,medium,low,6,namecheap,,,25/09/2026 22:53
c7eb3c96-a3ec-4f51-ab15-6018eff39311,rayburn.black,available,15.73,51.95,high,low,7,spaceship,,,30/09/2026 20:29
b3aadeef-ccb3-4e27-a4c4-f77c46c10c44,yearling.black,available,27.99,64.99,high,low,8,namesilo,,,22/09/2026 00:38
fd7a0cb3-eb9c-460c-981c-97e1e652bdfd,spirit.black,premium,68.51,68.51,high,medium,6,spaceship,,,29/09/2026 15:41
d64439e3-11c5-4a23-a876-191028542b7a,lila.black,available,50.2,50.2,high,low,4,cloudflare,,,30/09/2026 21:26
605408c3-bfbb-4408-850f-56f54c998308,resolved.black,available,27.99,64.99,high,low,8,namesilo,,,27/09/2026 12:25
3dcfa88b-a73e-45e3-96de-4afe6d41ad80,automatically.black,available,15.73,51.95,medium,low,13,spaceship,,,28/09/2026 07:07
a1524c35-0984-42f5-94b4-2a87591e4ba7,edited.black,available,17.48,82.98,high,low,6,namecheap,,,15/08/2026 11:05
d1ced76c-6af8-474d-9662-04414676fee2,breslau.black,available,50.2,50.2,medium,low,7,cloudflare,,,28/09/2026 18:29
3f83a345-2987-49c9-a6f1-63602818d3d8,impound.black,available,17.48,82.98,high,low,7,namecheap,,,12/08/2026 21:04
2abd5a69-d0a3-4f78-b2c7-959ab682b82f,discovering.black,available,15.73,51.95,medium,low,11,spaceship,,,29/09/2026 10:28
d0f8165b-71f8-40f1-8862-a92d4155b62d,shaft.black,available,26.5,,high,low,5,unstoppable,,,29/09/2026 01:04
eb600912-345c-4652-8216-fea0c4a60ec4,functions.black,available,27.99,64.99,medium,low,9,namesilo,,,17/09/2026 05:18
9cd336f2-7198-4b3e-9ed3-b1c2686becde,naturistic.black,available,17.48,82.98,medium,low,10,namecheap,,,03/09/2026 13:59
43aabcfa-7b92-4b75-8b19-eda45cefec1e,angolan.black,available,17.48,82.98,high,low,7,namecheap,,,
f6350540-cc1d-4626-8b0a-8784eb515fb1,jenks.black,available,15.73,51.95,medium,low,5,spaceship,,,30/09/2026 13:40
56e5e5f3-fad3-4e0a-87e9-9637c75b07f8,stickers.black,available,17.48,82.98,high,low,8,namecheap,,,30/09/2026 07:47
167ce639-d120-43e8-bee8-e72c9aa22cf7,thirst.black,available,26.5,,high,low,6,unstoppable,,,28/09/2026 19:46
5689bd10-246f-4b87-9224-1b8f9b453f3e,endoergic.black,available,17.48,82.98,medium,low,9,namecheap,,,17/08/2026 01:08
170d3116-36ca-42d5-8b55-a83e064fb694,smash.black,available,27.99,64.99,high,low,5,namesilo,,,22/09/2026 17:11
44b272b2-d984-4346-8195-418d8f40e7d8,dough.black,available,17.48,82.98,high,low,5,namecheap,,,08/09/2026 03:53
6a0ad728-ff37-4676-8506-22e253d19e4e,taste.black,available,27.99,64.99,high,low,5,namesilo,,,29/09/2026 21:45
49b5f3c4-b91c-4bd5-9d05-e1f4b8faeae5,georg.black,available,27.99,64.99,medium,low,5,namesilo,,,25/09/2026 17:31
9fd78f97-ed8f-4e27-b3cc-60556ef2396a,germicide.black,available,17.48,82.98,medium,low,9,namecheap,,,
9316e21a-6a77-4eb3-9f35-66dbba919871,overjoyed.black,available,17.48,82.98,high,low,9,namecheap,,,04/09/2026 20:49
8c17ea33-9efb-452b-96f7-91ee22861558,lodged.black,available,17.48,82.98,medium,low,6,namecheap,,,18/09/2026 14:44
c365c199-f2f1-4f66-b705-938da4678799,attempted.black,available,17.48,82.98,medium,low,9,namecheap,,,07/08/2026 15:12
fcace33d-acef-4f95-af22-dfa51a7fc0de,hastily.black,available,17.48,82.98,medium,low,7,namecheap,,,14/09/2026 23:06
851ced3f-02a4-41d4-88dc-48022025b651,maas.black,available,17.48,82.98,high,low,4,namecheap,,,29/09/2026 21:54
39edcd51-5772-4c0f-aa42-93e907ed947d,anchorman.black,available,27.99,64.99,high,low,9,namesilo,,,19/09/2026 03:46
0e306b4e-bb2d-42d3-8a2d-07d2ce0fbd57,crossing.black,available,27.99,64.99,high,low,8,namesilo,,,27/09/2026 03:30
a05d38e2-c961-421f-87d7-d3540e214012,jolty.black,available,17.48,82.98,medium,low,5,namecheap,,,11/08/2026 09:50
566934d5-2f99-4bdc-bd86-63017eba32b4,austrian.black,available,27.99,64.99,high,low,8,namesilo,,,22/09/2026 13:38
b292310a-7ca5-4cf3-bd4b-192d1afdea82,bedrock.black,available,27.99,64.99,high,low,7,namesilo,,,22/09/2026 10:39
58631883-770b-4b18-be66-77d3f41f6e9f,unbecoming.black,available,17.48,82.98,medium,low,10,namecheap,,,22/08/2026 02:19
3d207f44-d72d-47f5-a383-1d536bb2ac16,shaded.black,available,17.48,82.98,high,low,6,namecheap,,,10/09/2026 05:23
bfeea072-3d0e-45a5-ba91-02fd336cdeb3,fights.black,available,29.99,88.49,medium,low,6,name.com,,,20/09/2026 00:14
c0159eae-7911-4ddd-a983-a12141f46416,nefarious.black,available,17.48,82.98,medium,low,9,namecheap,,,03/09/2026 14:57
59a8033c-8821-4c00-98bf-b331b4f9af33,scorched.black,available,17.48,82.98,medium,low,8,namecheap,,,
96d49ce8-6743-4e36-ade8-e11b1e48e9bd,albert.black,premium,78.54,78.54,high,low,6,namesilo,,,18/09/2026 02:35
85625974-a9a9-4332-9c36-090c0fa31b1f,luncheon.black,available,15.73,51.95,high,low,8,spaceship,,,29/09/2026 13:43
633f4e92-09f5-4a74-8add-91f5ccc02a08,bethlehem.black,available,17.48,82.98,high,low,9,namecheap,,,22/09/2026 18:15
792afeaf-06cd-4eed-ab62-e3fdc1ffbdb9,weirdo.black,available,17.48,82.98,medium,low,6,namecheap,,,13/08/2026 05:38
c3ef0299-8e86-44a7-9d92-238c09ca7a58,licking.black,available,17.48,82.98,medium,low,7,namecheap,,,13/09/2026 11:11
4615a503-0909-4aa1-8467-c418980dd9ab,atrophic.black,available,17.48,82.98,medium,low,8,namecheap,,,07/08/2026 14:52
f0c32a10-1a9c-41a8-bd4c-b4759c548375,disparate.black,available,17.48,82.98,medium,low,9,namecheap,,,14/08/2026 11:52
571f33f2-93c1-4f16-b1b8-868c06f68a31,definable.black,available,17.48,82.98,medium,low,9,namecheap,,,13/08/2026 23:28
9a40db76-f70e-4a44-afb8-d81998b0a698,osmanli.black,available,17.48,82.98,medium,low,7,namecheap,,,04/09/2026 18:41
c035179d-0184-4bb3-8486-52ad0af04453,invisibly.black,available,17.48,82.98,medium,low,9,namecheap,,,15/09/2026 09:10
cc168eab-eb7f-4507-a1f7-93ef6b6355da,mosque.black,available,17.48,82.98,high,low,6,namecheap,,,30/09/2026 05:18
7ab0bf23-43cb-47c3-8ed3-2695c64fa5a6,incident.black,available,17.48,82.98,high,low,8,namecheap,,,22/08/2026 01:19
67bf61ac-3212-48db-b1d8-ab79b7308919,peal.black,available,17.48,82.98,medium,low,4,namecheap,,,09/09/2026 18:22
5a244dc5-3d53-40f8-8644-bd5d7a045646,wristband.black,available,27.99,64.99,high,low,9,namesilo,,,24/09/2026 07:49
836e198a-30c7-4ea8-b428-06230eb4c8d4,replacing.black,available,27.99,64.99,medium,low,9,namesilo,,,29/09/2026 02:02
b012be02-10f8-432e-b69a-ceed89106a23,physicist.black,available,50.2,50.2,high,low,9,cloudflare,,,29/09/2026 19:58
0671c647-5a98-46a7-a5d7-fe1ada7916e5,brandy.black,available,17.48,82.98,high,low,6,namecheap,,,24/09/2026 08:12
ed5701d0-cdc7-4d5a-9d58-9297f0203801,expository.black,available,17.48,82.98,medium,low,10,namecheap,,,17/08/2026 18:39
23631448-62c0-4596-88e8-167734551053,alary.black,available,17.48,82.98,medium,low,5,namecheap,,,
6d8daa0b-2fce-4ac5-8f33-d642cfcf2e5b,stopped.black,available,15.73,51.95,high,low,7,spaceship,,,28/09/2026 01:05
f4d84540-66bc-4ff9-be19-2a25c247ca37,formation.black,available,26.5,,high,low,9,unstoppable,,,28/09/2026 05:38
f7a84763-c973-4635-966c-fc31fedc46a9,pacific.black,available,27.99,64.99,high,low,7,namesilo,,,26/09/2026 03:42
9907dce4-d400-43b0-b49f-18f830ddfe9e,fordable.black,available,17.48,82.98,medium,low,8,namecheap,,,18/08/2026 11:24
0ea99109-9a7a-420f-810d-6add9f227ad5,feudal.black,available,17.48,82.98,medium,low,6,namecheap,,,18/08/2026 02:58
9a181419-5837-462c-bef8-f010f9449b94,promenade.black,available,27.99,64.99,high,low,9,namesilo,,,18/09/2026 16:56
fae926d0-c801-4d7a-82f8-8ab49c0cd774,merger.black,available,26.5,,high,low,6,unstoppable,,,28/09/2026 20:49
a7ce6956-a50a-43dc-9dff-ac0ba5462872,vilnius.black,available,15.73,51.95,medium,low,7,spaceship,,,28/09/2026 18:34
da559922-91bc-4c27-9c4d-5a4054951d9b,opposable.black,available,17.48,82.98,medium,low,9,namecheap,,,06/08/2026 07:43
d6d1c6d6-6fbc-46aa-a828-fab88d7b5f0e,whitish.black,available,17.48,82.98,high,low,7,namecheap,,,24/08/2026 23:06
d427d7d8-9c9b-46f2-9207-59c994e1cda1,serene.black,available,17.48,82.98,high,low,6,namecheap,,,11/08/2026 14:51
b2ef31cb-4ec6-43ac-b0d6-1bca89092d5b,bja.black,available,17.48,82.98,medium,low,3,namecheap,,,23/09/2026 23:24
b95b1ef3-99e6-4949-a141-8ef1be4341d4,mantle.black,available,26.5,,medium,low,6,unstoppable,,,28/09/2026 18:42
ce7ce1f3-f970-49e7-b1da-b1eab5387b4c,rounding.black,available,15.73,51.95,high,low,8,spaceship,,,29/09/2026 13:53
a0112a53-5dc6-46d1-943f-2f673ad1bb0f,middlemost.black,available,17.48,82.98,medium,low,10,namecheap,,,24/08/2026 22:27
058b0b0c-8d48-4433-82c9-77882e7f71f6,didnt.black,available,29.99,,medium,low,5,name.com,,,
47aaf20f-2b6f-44f9-bb63-6d71bc7c49fd,conduction.black,available,15.73,51.95,high,low,10,spaceship,,,29/09/2026 10:47
079f3aa1-e9ae-4413-8fde-c7dafc5938f1,discordant.black,available,17.48,82.98,medium,low,10,namecheap,,,14/08/2026 10:00
1ad3078c-e93c-4be6-8174-b8c8e487c446,maturity.black,available,27.99,64.99,high,low,8,namesilo,,,17/09/2026 10:27
d506e7f6-c875-45ec-aa42-9d75828ccc78,forearm.black,available,15.73,51.95,high,low,7,spaceship,,,30/09/2026 01:41
9475694f-4a21-43d0-b800-8f001b53f934,barcarole.black,available,27.99,64.99,medium,low,9,namesilo,,,22/09/2026 05:06
74985f52-5f18-4a9d-a02b-0dacd119cc04,hustler.black,available,16.27,53.72,medium,low,7,dynadot,,,30/09/2026 17:21
e52caf53-2794-43d4-b699-45c24f125368,arachnid.black,available,27.99,64.99,medium,low,8,namesilo,,,19/09/2026 23:40
1d72a624-7310-4d13-84cf-69bb4db8eee6,mongoloid.black,available,17.48,82.98,medium,low,9,namecheap,,,25/08/2026 04:49
71dfec7d-c93f-4e58-9578-c48172f0aea3,adamantine.black,available,17.48,82.98,medium,low,10,namecheap,,,
3742a21c-b9f4-4f43-8b9c-5b438797a59f,pathogenic.black,available,17.48,82.98,medium,low,10,namecheap,,,22/08/2026 04:17
c905bf69-f7af-4ff2-910e-cb18cd102080,basketful.black,available,27.99,64.99,medium,low,9,namesilo,,,22/09/2026 11:27
8146c82a-709d-4405-807b-2ce84ef712a6,zhong.black,available,26.5,,medium,low,5,unstoppable,,,30/09/2026 13:57
b1b71c7b-4a24-4a79-8847-3b9916066a30,abloom.black,available,17.48,82.98,medium,low,6,namecheap,,,
9390951a-0f5c-453e-8563-d0eedf1ffc9e,exploitation.black,available,27.99,64.99,medium,low,12,namesilo,,,30/09/2026 06:02
c0081595-fa19-4a20-8bbf-e9125074f767,eichmann.black,available,27.99,64.99,medium,low,8,namesilo,,,17/09/2026 09:30
c0cda5ec-e18f-456a-ad3b-77931db9ac03,scandinavian.black,available,26.5,,high,low,12,unstoppable,,,30/09/2026 19:16
ae3cd24b-45b9-49c0-ad6b-8523269754a7,tenacious.black,available,17.48,82.98,high,low,9,namecheap,,,19/09/2026 16:19
014ebafa-d6c7-4f65-bad3-ccaab74399d9,unclutter.black,available,17.48,82.98,high,low,9,namecheap,,,12/08/2026 10:28
417d83bd-5c3c-4c83-b329-60e963116e7f,scarf.black,premium,,,high,low,5,,,,28/09/2026 20:23
403cd232-a668-4c6a-b650-54e3fd7f2cc1,chambered.black,available,17.48,82.98,medium,low,9,namecheap,,,12/08/2026 01:34
b1705033-df39-42fe-be86-ceb3eaef7dd3,nullify.black,available,17.48,82.98,high,low,7,namecheap,,,13/09/2026 06:46
f3581f6d-d254-4b71-b28a-218edc0cd264,glassed.black,available,17.48,82.98,medium,low,7,namecheap,,,20/08/2026 14:07
8d02f093-1ccc-49ca-8558-78570c4e7c0d,fixtures.black,available,15.73,51.95,medium,low,8,spaceship,,,30/09/2026 00:04
77255c37-474a-42b9-b224-c0d88acedd92,parity.black,available,27.99,64.99,high,low,6,namesilo,,,24/09/2026 13:55
ea1d2d5a-1868-484f-9335-4b949b299fe3,machinist.black,available,27.99,64.99,high,low,9,namesilo,,,19/09/2026 17:14
d1523797-15c8-4f95-a9de-34a4807c2c57,federalism.black,available,15.73,51.95,high,low,10,spaceship,,,29/09/2026 12:14
03ca9b8b-0cd4-4d98-bdbb-53a927fb6586,tia.black,premium,68.51,68.51,high,low,3,spaceship,,,29/09/2026 20:30
884c71fa-93b1-416f-abec-34c9bb547a8f,arced.black,available,17.48,82.98,medium,low,5,namecheap,,,06/08/2026 14:28
50636c15-a94b-42ca-912f-95c8edd190cd,resist.black,available,27.99,64.99,high,low,6,namesilo,,,21/09/2026 22:09
35b77236-ccd8-403e-85a3-ce969a37e020,baht.black,available,27.99,64.99,medium,low,4,namesilo,,,21/09/2026 18:46
dd20f757-7552-47ad-a240-530aeba6df27,implacable.black,available,17.48,82.98,medium,low,10,namecheap,,,21/08/2026 22:31
b211e7e8-b485-4317-a3a7-9e76770d0363,headed.black,available,17.48,82.98,high,low,6,namecheap,,,21/08/2026 01:51
f81a6362-7f7e-4d6d-86c7-fa08f9885251,pinned.black,available,50.2,50.2,medium,low,6,cloudflare,,,28/09/2026 05:02
b7259598-395b-4175-8c0a-e8dd8f2fff4c,newsstand.black,available,17.48,82.98,medium,low,10,namecheap,,,17/09/2026 05:46
b84d91ff-5416-4f41-96b7-1cef7e4a8aac,heady.black,available,17.48,82.98,high,low,5,namecheap,,,18/08/2026 10:29
6c24118b-e189-4497-b1f5-d4d3c7f5eefd,magnet.black,premium,640,640,high,low,6,namesilo,,,21/09/2026 02:14
485b47a9-eb32-434b-aacc-abdf2b5679db,slothful.black,available,17.48,82.98,medium,low,8,namecheap,,,17/08/2026 20:58
d2b8d84c-0bc8-4b0b-a634-07ba28f4abfb,bidet.black,available,27.99,64.99,high,low,5,namesilo,,,23/09/2026 13:46
2299f35f-cf61-441e-bf66-2beb8620ea17,needful.black,available,17.48,82.98,high,low,7,namecheap,,,03/09/2026 14:51
17dc1f83-0ea9-46c9-bedb-a6f5eabe68b9,stamps.black,available,50.2,50.2,medium,low,6,cloudflare,,,28/09/2026 08:32
ccffa792-537f-4766-95bc-a784d400df32,algae.black,available,27.99,64.99,high,low,5,namesilo,,,18/09/2026 06:48
5982107f-c05d-41e7-8492-e45408180abc,abstracter.black,available,17.48,82.98,medium,low,10,namecheap,,,16/09/2026 18:30
177d835d-04ee-41a4-a720-540d9c42baf4,abysm.black,available,17.48,82.98,medium,low,5,namecheap,,,16/09/2026 19:45
d38f5b08-3f8c-4ee4-a68c-8155dd4c1927,psychiatrists.black,available,15.73,51.95,medium,low,13,spaceship,,,01/10/2026 00:58
0b0ae366-b170-4f91-869f-4cf678390510,oslo.black,available,50.2,50.2,high,low,4,cloudflare,,,29/09/2026 06:45
5f61acfd-c135-4f9a-bc10-90b4059f3cd0,blackbeard.black,available,27.99,64.99,medium,low,10,namesilo,,,24/09/2026 02:06
a3f4b88d-7555-4359-921a-9aa3854425d3,prof.black,available,15.73,51.95,high,low,4,spaceship,,,28/09/2026 20:15
8949c729-aaa0-4cb6-b7ba-5ada5d8c2b5e,taipeh.black,available,27.99,64.99,medium,low,6,namesilo,,,24/09/2026 12:26
53bee0cf-f5cc-4817-b69f-9fca57a56bb0,fades.black,available,27.99,64.99,medium,low,5,namesilo,,,01/10/2026 00:52
7cc0219e-acbf-40dd-ab60-5e204259e87f,ellington.black,available,26.5,,medium,low,9,unstoppable,,,28/09/2026 09:32
73a82f40-6bd1-4e38-8397-a63bc02f1e36,debauched.black,available,29.99,88.49,medium,low,9,name.com,,,13/08/2026 20:14
5d3ef3e0-d9c5-497d-b536-5af31ebd6cab,takahashi.black,available,27.99,64.99,medium,low,9,namesilo,,,28/09/2026 16:36
f3373b06-084a-43ba-8fca-a4a8eb44525b,sachs.black,available,17.48,82.98,medium,low,5,namecheap,,,27/09/2026 01:53
97a88c3b-15ad-44a4-99e1-939b05cd05c4,taut.black,available,17.48,82.98,high,low,4,namecheap,,,11/09/2026 09:17
b531215a-5ba6-40fe-a098-9bf7f6f27389,sylvania.black,available,27.99,64.99,medium,low,8,namesilo,,,30/09/2026 22:13
b3b08442-17f3-46d1-b1a6-ebe0f81c6afa,offender.black,available,15.73,51.95,medium,low,8,spaceship,,,28/09/2026 20:02
4c5f0a9a-b135-4646-900b-2d357a9f9944,pastor.black,available,29.99,88.49,high,low,6,name.com,,,24/09/2026 20:20
95141845-945e-4a0f-a71e-02c2398feb3e,antlered.black,available,17.48,82.98,medium,low,8,namecheap,,,05/08/2026 20:11
401f4053-33ca-44c5-9159-f7cbcafe117f,hobart.black,available,27.99,64.99,high,low,6,namesilo,,,25/09/2026 07:24
0155477f-0b46-41bc-bcc9-0d805fb0ba33,bombay.black,available,27.99,64.99,medium,low,6,namesilo,,,29/09/2026 00:15
d6387645-29bf-467d-9a69-a928cc7dd6d9,spin.black,available,15.73,51.95,high,low,4,spaceship,,,30/09/2026 11:43
5196e0d9-f5b0-461c-b922-3c6c3df71520,pecuniary.black,available,17.48,82.98,medium,low,9,namecheap,,,25/08/2026 04:35
e273d0dd-7f12-4a67-8bfc-63bf6e87d1db,hobson.black,available,16.27,53.72,medium,low,6,dynadot,,,28/09/2026 12:14
1d7bf1dc-2d7e-42be-8205-fcca1e52d531,rarified.black,available,17.48,82.98,medium,low,8,namecheap,,,17/08/2026 15:46
7aff32d2-6d4d-46b2-ad96-654c86a59688,plaintiffs.black,available,27.99,64.99,low,low,10,namesilo,,,01/10/2026 00:55
f0ace341-3889-4679-b63b-4bfdd95f6352,cnn.black,available,29.99,,high,low,3,name.com,,,
d502c023-9160-45e9-a28c-0742427a5f11,shoddy.black,available,17.48,82.98,medium,low,6,namecheap,,,12/08/2026 03:27
b1f879b8-caf6-4201-8f4e-cf171b3bc563,syndetic.black,available,17.48,82.98,medium,low,8,namecheap,,,11/09/2026 06:23
ef6cc828-07c7-4955-89ab-07d8796174dc,shaun.black,premium,640,640,high,low,5,namesilo,,,29/09/2026 03:45
84b8e841-293d-46fb-bd93-facc0bf330d0,misleading.black,available,17.48,82.98,medium,low,10,namecheap,,,25/08/2026 01:34
41710536-bef1-4cdb-a910-03251190c00a,jail.black,available,27.99,64.99,high,low,4,namesilo,,,27/09/2026 04:20
60f3fb07-8e80-4bdb-93f9-dfdabf2226f3,carolyn.black,available,26.5,,high,low,7,unstoppable,,,28/09/2026 16:28
1e83fe24-b0c9-48ed-bec4-d05593868baf,refrigerator.black,available,29.99,111.99,high,low,12,godaddy,,,01/10/2026 01:17
26b67a02-7e64-42f8-bc68-cb85c87b3f67,shelves.black,available,50.2,50.2,medium,low,7,cloudflare,,,29/09/2026 16:26
fc693525-38aa-43fb-b8db-b53bc5d7ef9f,unsure.black,available,17.48,82.98,medium,low,6,namecheap,,,22/08/2026 01:08
5feb21bf-c6a1-4f16-98da-99c156028bc1,oddish.black,available,17.48,82.98,low,low,6,namecheap,,,04/09/2026 00:50
308c8b55-1d53-4741-82a5-c6d3fd5d1518,sash.black,available,27.99,64.99,high,low,4,namesilo,,,01/10/2026 01:27
69bce7b1-b18b-459c-adbe-327807b7b346,geared.black,available,17.48,82.98,high,low,6,namecheap,,,18/08/2026 20:59
26eb8e66-bf26-4e4b-9a50-ee003bd49684,descendent.black,available,17.48,82.98,medium,low,10,namecheap,,,14/08/2026 03:16
b2f7050f-d304-4efd-9784-73c99f348cd5,doula.black,available,17.48,82.98,high,low,5,namecheap,,,23/09/2026 21:09
56ece056-a861-4bc5-bf95-33fe6e25ef33,grover.black,available,27.99,64.99,medium,low,6,namesilo,,,29/09/2026 09:39
2732c053-64e2-4b21-81a8-f80f8c165594,ineffable.black,available,17.48,82.98,high,low,9,namecheap,,,22/08/2026 02:45
b7a366c6-0b70-4359-82ae-ca65667e9a3d,tosh.black,available,27.99,64.99,medium,low,4,namesilo,,,21/09/2026 23:54
f6723ea8-0240-4fed-9406-913fbcdf4d88,caring.black,available,17.48,82.98,high,low,6,namecheap,,,23/09/2026 13:03
e11ee415-f879-4dea-83b8-aacf010e6706,sterilised.black,available,17.48,82.98,medium,low,10,namecheap,,,10/09/2026 20:13
67054c5c-2b94-45c2-ac73-40afc72f087e,susie.black,available,15.73,51.95,medium,low,5,spaceship,,,28/09/2026 16:25
db55c054-3be8-4ffe-9b13-1a673d0b4061,billie.black,available,27.99,64.99,medium,low,6,namesilo,,,28/09/2026 07:55
a6308e5c-935e-4f86-9003-2ffeca98a760,kite.black,available,17.48,82.98,high,low,4,namecheap,,,29/09/2026 13:15
576fd017-44f8-41dc-90e2-b61294bf1f5b,chivalrous.black,available,17.48,82.98,high,low,10,namecheap,,,12/08/2026 06:14
8e231fa5-6bec-4b02-a7d6-40305478187c,establishment.black,available,29.99,,medium,low,13,name.com,,,
6933cc5c-5949-4b20-b76f-a9dd2d538119,unuttered.black,available,17.48,82.98,medium,low,9,namecheap,,,12/09/2026 09:47
2dc7dca3-9e1d-4eb8-b637-f0b1bce19fe2,anchored.black,available,15.73,51.95,high,low,8,spaceship,,,30/09/2026 06:40
292dce7b-0429-4096-8a53-0e649f08fcb3,tempted.black,available,16.27,53.72,medium,low,7,dynadot,,,29/09/2026 16:59
1f382e4b-5ab4-4d42-b3a7-def682cd7ec6,accessible.black,available,27.99,64.99,high,low,10,namesilo,,,21/09/2026 15:38
1976e976-0168-46c6-ab18-335f122fec77,moderately.black,available,27.99,64.99,medium,low,10,namesilo,,,25/09/2026 12:00
2cab098a-2e18-447e-9d8f-e9ae0a5d446d,tunica.black,available,27.99,64.99,medium,low,6,namesilo,,,17/09/2026 10:35
a25dc2da-b835-4eb2-993e-d0b20109f614,winfred.black,available,17.48,82.98,medium,low,7,namecheap,,,19/09/2026 19:23
f0d49d8b-827a-4c4d-9cc8-79a8a092c690,weil.black,available,27.99,64.99,medium,low,4,namesilo,,,19/09/2026 04:20
71ea209e-0adf-463d-b9cd-b70a3f687789,exceptions.black,available,15.73,51.95,low,low,10,spaceship,,,28/09/2026 23:04
a9996985-581a-489c-ad60-686d5b8f6b4a,repeatedly.black,available,17.48,82.98,medium,low,10,namecheap,,,15/09/2026 23:12
50a38575-3d37-417c-ba62-ba3e05e3a0b4,outmoded.black,available,17.48,82.98,medium,low,8,namecheap,,,14/08/2026 01:15
17d437dc-3df5-41bb-b6f3-6cb8b5f6675d,altaic.black,available,17.48,82.98,medium,low,6,namecheap,,,
a7c08fa2-97bb-436a-92d4-60ff3b36d28a,sod.black,available,29.99,88.49,medium,low,3,name.com,,,24/09/2026 11:02
8010135a-bbc6-4b0d-b599-b9bd156cb95b,load.black,available,17.48,82.98,high,low,4,namecheap,,,21/09/2026 20:07
76030db0-597f-4da9-bea3-2a18e0adccd2,investigate.black,available,27.99,64.99,high,low,11,namesilo,,,26/09/2026 00:41
bc7d79c3-4ae3-47d4-a946-2ec3d878ad90,algebras.black,available,27.99,64.99,low,low,8,namesilo,,,28/09/2026 13:28
b809b44f-72e8-49d3-a5d6-d77036b7230d,heel.black,available,27.99,64.99,medium,low,4,namesilo,,,29/09/2026 02:57
bfbea397-bd2f-4e95-84e7-b865eb74926b,nightstick.black,available,27.99,64.99,medium,low,10,namesilo,,,23/09/2026 16:38
3effb77f-9702-4bc0-a856-c39e587f8550,bug.black,available,27.99,64.99,high,low,3,namesilo,,,29/09/2026 00:24
6b6baca3-62cc-4ef6-bb91-aa4dc28c0734,planetarium.black,available,29.99,,high,low,11,name.com,,,
f76be0be-581f-4e40-acff-74417a503482,adding.black,available,29.99,,high,low,6,name.com,,,
52b337ac-b761-4f2e-b9a9-b0f6c81c30f7,blinding.black,available,17.48,82.98,medium,low,8,namecheap,,,10/08/2026 13:42
6accb2f8-3561-48b2-b892-2579ac500b22,anagrams.black,available,27.99,64.99,high,low,8,namesilo,,,19/09/2026 01:29
f2cdc6ba-22be-4aec-93c2-9c5b00c0b35e,prolate.black,available,17.48,82.98,medium,low,7,namecheap,,,15/08/2026 18:52
19daac4c-3ea7-40af-8b99-1fe1d6826935,companionship.black,available,15.96,52.01,high,low,13,porkbun,,,30/09/2026 22:32
e0c6ea7f-6f64-4de4-8827-496de8d11459,numerous.black,available,17.48,82.98,high,low,8,namecheap,,,22/08/2026 23:01
7ed2e644-c4e5-447d-b720-63c02f27eef4,arrester.black,available,27.99,64.99,medium,low,8,namesilo,,,20/09/2026 09:09
04e83b2d-f14c-4e40-bce9-5ab7ba0ff04e,pittsburg.black,available,15.73,51.95,medium,low,9,spaceship,,,28/09/2026 16:44
b23077e7-2d00-4f89-a1bb-2b8187143d44,newport.black,available,17.48,82.98,high,low,7,namecheap,,,28/09/2026 02:29
46c11eab-a229-4d15-a394-050da2664693,duple.black,available,17.48,82.98,medium,low,5,namecheap,,,14/08/2026 20:37
60d83bc2-e391-4cea-bb29-28c4e721543f,gym.black,available,17.48,82.98,high,low,3,namecheap,,,29/09/2026 21:52
48eba34a-7469-4530-99b2-aeeb36641b76,workaday.black,available,17.48,82.98,medium,low,8,namecheap,,,17/08/2026 14:58
ffbfa989-72ec-43b0-b27d-0e40265ef032,scribe.black,available,27.99,64.99,high,low,6,namesilo,,,21/09/2026 03:59
1d45a5e4-7292-4756-8070-46cdd11edf2d,whispers.black,premium,68.51,68.51,medium,low,8,spaceship,,,29/09/2026 17:25
7f5e46b0-2c9b-4603-9c7c-3647631bdb6b,hooks.black,available,27.99,64.99,medium,low,5,namesilo,,,28/09/2026 10:05
6ab832f0-b24e-4141-a618-f92477df33eb,olaf.black,available,15.73,51.95,medium,low,4,spaceship,,,28/09/2026 07:48
b7ac7695-218e-4b85-8457-bdef4c688914,isoforms.black,available,17.48,82.98,medium,low,8,namecheap,,,30/09/2026 07:43
9d64edd2-6fbf-4070-ae63-c59cafc5fa80,pacifist.black,available,17.48,82.98,high,low,8,namecheap,,,04/09/2026 22:35
2ea8d1f4-65f5-4067-8b7e-e8c05539f4b7,termed.black,available,17.48,82.98,medium,low,6,namecheap,,,19/09/2026 00:21
b0f52a3d-ee5c-4b4b-b41d-b825d7f70b67,profitably.black,available,17.48,82.98,medium,low,10,namecheap,,,14/09/2026 20:29
7fdb2ccd-287f-4e63-bb7f-7d018fbb2fb9,optimally.black,available,17.48,82.98,medium,low,9,namecheap,,,15/09/2026 18:05
142ebd5c-6053-4df2-8a6c-c66bd1c69e01,nominated.black,available,17.48,82.98,high,low,9,namecheap,,,03/09/2026 18:18
fa628085-d06a-410a-91d0-f01186559c30,clock.black,premium,68.51,68.51,high,low,5,spaceship,,,29/09/2026 10:09
112ec4c8-6184-413a-a294-d106d7ee54ca,croat.black,available,17.48,82.98,medium,low,5,namecheap,,,13/08/2026 07:34
2a136602-0010-4c6a-a6ef-cbd141c7d77e,moderate.black,available,17.48,82.98,high,low,8,namecheap,,,12/08/2026 00:16
b1193ad2-5801-4453-b9e7-cbf50efec34a,dinosaurs.black,available,15.73,51.95,high,low,9,spaceship,,,29/09/2026 11:13
d45938a9-2292-4d54-8e58-d5283e5dffa7,ringway.black,available,27.99,64.99,medium,low,7,namesilo,,,23/09/2026 07:12
85629320-baed-43bc-a48d-5413acc5d948,hull.black,available,29.99,111.99,high,low,4,godaddy,,,28/09/2026 01:42
12822b1d-aef1-412e-ae04-8907111e5256,anthidium.black,available,27.99,64.99,medium,low,9,namesilo,,,19/09/2026 13:22
f6ff731e-ffbf-4a8e-82c6-ebae4567f482,arcuate.black,available,17.48,82.98,medium,low,7,namecheap,,,06/08/2026 14:49
ce6db2dd-7645-4e0d-bf92-c3af6f64ef07,rattling.black,available,17.48,82.98,high,low,8,namecheap,,,11/08/2026 04:30
7b650838-c1aa-40bc-9b84-b3d94fc87b70,outspoken.black,available,17.48,82.98,high,low,9,namecheap,,,11/08/2026 16:45
7a46a534-2aa8-4ff0-8724-a5bbf4042a96,malayalam.black,available,17.48,82.98,high,low,9,namecheap,,,30/09/2026 17:57
7e066d55-edb0-4881-8084-c5c6ef1eb7fe,courtenay.black,available,16.27,53.72,medium,low,9,dynadot,,,29/09/2026 22:46
1cc0465a-f099-4479-9b82-81033c0c840e,glancing.black,available,29.99,,high,low,8,name.com,,,
0812ec12-0ef3-4d73-9f71-3895f0a171c0,teetotal.black,available,17.48,82.98,medium,low,8,namecheap,,,11/09/2026 10:14
b10b962a-e544-467a-b270-1a8641ab450c,recognize.black,available,27.99,64.99,high,low,9,namesilo,,,27/09/2026 02:43
57f9fa94-3c26-4315-887c-3399a328272a,job.black,available,50.2,50.2,high,medium,3,cloudflare,,,29/09/2026 03:34
bb5fa5aa-a8a6-4d4d-8efb-30db2dfaaab0,tess.black,available,27.99,64.99,medium,low,4,namesilo,,,28/09/2026 21:56
716f1de5-7441-452d-b491-8c826b6eeff6,albite.black,available,27.99,64.99,high,low,6,namesilo,,,18/09/2026 02:59
c8fd8ab1-a94b-4426-8898-39b4ff232b71,incision.black,available,15.73,51.95,high,low,8,spaceship,,,30/09/2026 01:58
455441b4-9869-4f31-a8a6-b0d2dbdf21b6,garb.black,premium,650,650,high,low,4,namecheap,,,19/09/2026 19:56
7481fc17-1777-4fe9-a87f-013ade22ffc1,birling.black,available,17.48,82.98,medium,low,7,namecheap,,,23/09/2026 20:48
6b4317cc-d1e1-42ae-ac44-6a79839f6f19,leonidas.black,available,26.5,,high,low,8,unstoppable,,,01/10/2026 02:52
51a97f2a-421a-4357-bf80-fe1907770984,greasewood.black,available,27.99,64.99,medium,low,10,namesilo,,,24/09/2026 00:46
9aaaf9f7-6544-482d-9489-64a4ca12e6b1,blur.black,available,17.48,82.98,high,low,4,namecheap,,,10/08/2026 14:05
bc3c01a0-e232-4715-a66e-0ea2589c2a56,validate.black,available,27.99,64.99,high,low,8,namesilo,,,30/09/2026 11:29
d2d7d14d-c9e1-4328-be43-3d7379e8e551,release.black,available,17.48,82.98,high,low,7,namecheap,,,24/09/2026 21:38
ea3a82ac-b35c-4404-b945-50456d2077d8,humorless.black,available,17.48,82.98,medium,low,9,namecheap,,,21/08/2026 15:23
c0431e8a-8abe-4e0c-b9f5-1890b0ac5ef3,lagger.black,available,17.48,82.98,medium,low,6,namecheap,,,22/08/2026 18:42
0b4f375d-5bdb-4729-a2c6-2a3214f730a7,ammoniac.black,available,17.48,82.98,medium,low,8,namecheap,,,
3681c6b9-e9b7-46ab-9d4a-88646ee851a5,dodds.black,available,15.73,51.95,medium,low,5,spaceship,,,30/09/2026 05:40
ef0a884e-4f28-42d7-af63-c0e22956ec00,freed.black,available,27.99,64.99,medium,low,5,namesilo,,,29/09/2026 05:07
258b0413-5496-4610-97d1-1e36d8ab652a,bestower.black,available,27.99,64.99,medium,low,8,namesilo,,,23/09/2026 10:47
d928828e-57ce-4959-93c3-52d35115633e,hawaiian.black,available,17.48,82.98,high,low,8,namecheap,,,21/08/2026 01:36
9e820524-d89d-4beb-9a23-817ed6ca0f46,immobile.black,available,17.48,82.98,medium,low,8,namecheap,,,21/08/2026 21:05
7c15205e-53af-49f2-9813-57b9ab1d96ec,chelate.black,available,17.48,82.98,medium,low,7,namecheap,,,12/08/2026 04:03
ec90df6c-e938-4183-af6b-d0079734fd51,homework.black,available,26.5,,high,low,8,unstoppable,,,28/09/2026 06:00
ef792ed1-4fcb-4012-bc73-7bbc021f56a0,sodium.black,available,27.99,64.99,high,low,6,namesilo,,,20/09/2026 22:13
8c599140-2108-4229-ae14-44b0e6c1fe51,cuneiform.black,available,17.48,82.98,medium,low,9,namecheap,,,13/08/2026 10:34
8f427eb5-9115-4a6a-91e2-9a428f28943c,skulls.black,available,17.48,82.98,medium,low,6,namecheap,,,20/09/2026 10:31
6fcffac7-f9eb-42df-883e-c7c921ef3e39,unreached.black,available,17.48,82.98,medium,low,9,namecheap,,,04/09/2026 18:48
b4ebb099-de3f-4855-9ac7-0d0a11468001,perfected.black,available,27.99,64.99,high,low,9,namesilo,,,27/09/2026 03:35
e53bcc74-da70-4c6d-8034-9d6d32b6c720,airports.black,available,15.96,52.01,medium,low,8,porkbun,,,30/09/2026 00:31
1352793f-49be-4f98-b950-01dac569d37f,asunder.black,available,17.48,82.98,medium,low,7,namecheap,,,07/08/2026 10:20
25b925f2-fafa-42f0-9b89-44330a74e963,doors.black,available,17.48,82.98,high,low,5,namecheap,,,25/09/2026 19:46
749a088b-c536-4004-9602-531c32fb15de,priesthood.black,available,50.2,50.2,high,low,10,cloudflare,,,30/09/2026 10:54
a0a6cd23-405e-4c2f-92df-ed08901423d0,islets.black,available,15.73,51.95,medium,low,6,spaceship,,,29/09/2026 00:10
d17c0b2a-6bf2-407d-a242-75c21d28ef13,rushing.black,available,17.48,82.98,medium,low,7,namecheap,,,27/09/2026 17:20
d9720149-2f9a-4a79-933b-dc5ca8370326,consuming.black,available,17.48,82.98,high,low,9,namecheap,,,23/09/2026 21:22
9858e009-0eca-4b18-b3b3-eaab534cbe0f,amaethon.black,available,27.99,64.99,low,low,8,namesilo,,,18/09/2026 15:34
663fc8d0-3f96-4963-b54d-afe3f1b1ee9b,lerner.black,available,27.99,64.99,high,low,6,namesilo,,,18/09/2026 01:44
3b297f49-3ad2-4083-becc-9b36444182ba,remington.black,premium,625,,high,low,9,name.com,,,
14dd1531-6d82-4c7c-8ff7-82b8d067249b,infatuated.black,available,17.48,82.98,high,low,10,namecheap,,,16/08/2026 21:11
81e879a8-cc5e-4f6e-a175-626740ecc596,distinction.black,available,29.99,,high,low,11,name.com,,,
2a8e472d-362c-4efd-ab14-7f96e72662a9,adjusting.black,available,27.99,64.99,high,low,9,namesilo,,,29/09/2026 14:33
05cb207c-eb95-4ca2-bca1-c55b813573c5,judgment.black,available,15.96,52.01,high,low,8,porkbun,,,30/09/2026 01:01
953f9c6e-c780-4cc3-86ab-9a035fc4fd4d,terrific.black,available,27.99,64.99,high,low,8,namesilo,,,25/09/2026 00:17
d457eb8e-d610-4769-b3c7-a094b96a424f,crepuscle.black,available,17.48,82.98,medium,low,9,namecheap,,,11/09/2026 21:50
cea6c4be-3e4b-49c3-bffe-4f1ea572361e,bds.black,available,15.96,52.01,high,low,3,porkbun,,,30/09/2026 05:27
cf94d8ef-45d6-4dc4-8b0c-3a19565033d2,efl.black,available,16.27,53.72,high,low,3,dynadot,,,29/09/2026 09:34
19150534-0cee-42ce-9480-2864482935af,continent.black,available,17.48,82.98,high,low,9,namecheap,,,11/08/2026 23:26
ef6ab6a5-c549-4ef9-847a-50f8c68a6793,fizzing.black,available,17.48,82.98,medium,low,7,namecheap,,,18/08/2026 06:02
cfd80fbe-aa1d-473f-812b-d302ecd830f4,preschool.black,available,27.99,64.99,high,low,9,namesilo,,,30/09/2026 14:27
dda7d0ba-35c8-4409-8b2d-bd84fb1b9a8b,spick.black,available,17.48,82.98,medium,low,5,namecheap,,,21/08/2026 20:46
739a53c5-d294-4905-b782-8bf999270dd4,valiant.black,available,17.48,82.98,high,low,7,namecheap,,,13/09/2026 00:55
4fc097e5-907f-453b-9a70-557557dcb8e7,salvation.black,available,16.27,53.72,high,low,9,dynadot,,,28/09/2026 03:00
1f3fa497-d6be-490f-92cb-4dbf58f96a15,landscaping.black,available,27.99,64.99,high,low,11,namesilo,,,28/09/2026 06:56
ded7add8-c61a-40ee-bf91-6ce578229a20,goodness.black,available,27.99,64.99,high,low,8,namesilo,,,28/09/2026 02:02
91a8c9b3-1ad0-4681-a501-265ac06712ed,columnar.black,available,17.48,82.98,medium,low,8,namecheap,,,12/08/2026 18:14
0482282e-6ead-4c2f-ba5e-8db88a660c84,agnathan.black,available,17.48,82.98,medium,low,8,namecheap,,,17/09/2026 18:33
f6830ce6-fd94-4752-85af-b18873d27da4,insinuate.black,available,17.48,82.98,medium,low,9,namecheap,,,22/08/2026 08:35
0c473561-fe02-40c9-a76e-c39cd317f5ef,cleaned.black,available,17.48,82.98,high,low,7,namecheap,,,27/09/2026 02:45
3729bcca-a59c-492f-935d-e65204bd05c5,inert.black,available,17.48,82.98,high,low,5,namecheap,,,22/08/2026 03:57
093208af-a5b9-44c3-8a54-d72c25b216fb,peckham.black,available,16.27,53.72,medium,low,7,dynadot,,,30/09/2026 00:26
21175ed3-2866-4f9f-9fbd-360b66eee5f7,cardigan.black,available,27.99,64.99,high,low,8,namesilo,,,24/09/2026 12:52
69b93cae-0cf8-4c6d-bdeb-ca99e1aff4ba,detroit.black,available,27.99,64.99,high,low,7,namesilo,,,29/09/2026 14:28
9d5add30-eb31-49ed-a28a-5ec829f3f10e,rts.black,available,15.73,51.95,high,low,3,spaceship,,,29/09/2026 14:51
fd7c33d8-8ea3-4c4a-8610-1b6a8cd4116a,basra.black,available,27.99,64.99,medium,low,5,namesilo,,,22/09/2026 10:33
c36a9aba-4dd0-43e4-8425-b12ca0f424ff,agrimonia.black,available,17.48,82.98,medium,low,9,namecheap,,,17/09/2026 19:28
9c1b6b98-3e48-417e-9c6d-c3329b7933ac,dinah.black,available,17.48,82.98,medium,low,5,namecheap,,,29/09/2026 03:55
cb52cee1-0983-47b4-9e16-fa289db48eab,icky.black,available,17.48,82.98,medium,low,4,namecheap,,,13/08/2026 05:07
c1509650-e8f9-49ec-919e-c8a2b7849473,fool.black,available,17.48,82.98,medium,low,4,namecheap,,,12/08/2026 15:15
03adba38-8738-4579-9b3d-9fd7d0d61e63,msu.black,available,17.48,82.98,high,low,3,namecheap,,,29/09/2026 09:17
0650b4a4-4e9d-4f7c-bf55-8e70ec6a8b9e,indwelling.black,available,17.48,82.98,medium,low,10,namecheap,,,22/08/2026 03:37
8a029d2b-9e6a-42fa-a921-14385857888c,efforts.black,available,15.73,51.95,medium,low,7,spaceship,,,27/09/2026 22:23
572bad29-2f91-46d8-adfb-b87229d2492d,briny.black,available,17.48,82.98,medium,low,5,namecheap,,,11/08/2026 04:25
f339996c-5120-4209-bfee-797aa49d73d0,lemony.black,available,17.48,82.98,high,low,6,namecheap,,,22/08/2026 23:24
3210acfb-cf09-4537-b36f-02fe90050271,spectacled.black,available,17.48,82.98,medium,low,10,namecheap,,,09/08/2026 17:20
4c8c97e1-dbca-4c38-897d-3f2431ec0cc3,incorrect.black,available,27.99,64.99,high,low,9,namesilo,,,25/09/2026 08:08
99504c7e-34e6-4c31-a562-79a79a9be725,rodent.black,available,17.48,82.98,medium,low,6,namecheap,,,29/09/2026 19:04
6939eb65-4302-4b86-a487-1f5380532bbf,necrotic.black,available,17.48,82.98,medium,low,8,namecheap,,,03/09/2026 14:45
39c69277-8b0f-43c3-8b3b-3b7033fedd2c,guarnieri.black,available,27.99,64.99,medium,low,9,namesilo,,,19/09/2026 04:23
22bb4a70-1f77-4ff4-8edc-9b54741f5df1,buttercup.black,available,17.48,82.98,high,low,9,namecheap,,,24/09/2026 11:18
076336bd-0b3d-4175-9264-c70aa0cb729e,ungrateful.black,available,17.48,82.98,medium,low,10,namecheap,,,11/09/2026 12:26
1300d486-6c6e-4331-8f51-13b37a3a6a86,sunblind.black,available,27.99,64.99,high,low,8,namesilo,,,21/09/2026 10:15
5bc90f17-9ac9-4400-baef-f89928db3afa,marshall.black,premium,78.54,78.54,high,low,8,namesilo,,,25/09/2026 05:06
d51d5cf9-dab2-40ab-acf8-7d852e9b0220,candescent.black,available,17.48,82.98,medium,low,10,namecheap,,,11/08/2026 16:39
3b376e12-a1a5-40d1-9378-384e3ed18d5c,dagger.black,available,17.48,82.98,high,low,6,namecheap,,,24/09/2026 20:52
a6d1b41a-ff93-4db9-82a1-f30429e73101,rigorously.black,available,17.48,82.98,medium,low,10,namecheap,,,15/09/2026 23:46
e4c2554b-910a-4b1a-aa4e-7eaafeacdd1a,scope.black,available,17.48,82.98,high,low,5,namecheap,,,18/09/2026 16:44
e3b1fef5-5e45-4136-bfa5-b89118d86615,bop.black,available,27.99,64.99,high,low,3,namesilo,,,22/09/2026 10:28
6383f620-e54b-42fc-b4d7-05c5b9e7b23f,requiring.black,available,26.5,,medium,low,9,unstoppable,,,30/09/2026 03:46
fd9c99f4-ba48-4e19-8b99-f574310f8efb,edgewise.black,available,17.48,82.98,medium,low,8,namecheap,,,14/09/2026 15:02
1c5c2843-fd7b-40d2-b2e2-0b0cf0904992,sketches.black,available,26.5,,medium,low,8,unstoppable,,,28/09/2026 23:25
d754786d-a312-427f-ab4f-3860c13128b1,malfunction.black,available,15.73,51.95,high,low,11,spaceship,,,29/09/2026 08:32
f1da3b34-aa24-476a-b7ca-065b7d223e18,amort.black,available,17.48,82.98,medium,low,5,namecheap,,,
4f8f60d7-6c5e-46e1-b971-9c8db6013a6c,direction.black,available,15.73,51.95,high,low,9,spaceship,,,29/09/2026 07:46
e05be5b0-e7c0-42a6-940a-d9572c87253e,colourize.black,available,17.48,82.98,medium,low,9,namecheap,,,12/08/2026 17:40
5d0f3c48-65fb-4c23-9243-b8cae83e5419,babirusa.black,available,27.99,64.99,medium,low,8,namesilo,,,21/09/2026 12:44
e39dfc44-c8b9-4fc8-a442-a1f75993f812,gymnastics.black,available,50.2,50.2,high,low,10,cloudflare,,,29/09/2026 01:12
e4fb6b09-5746-4799-bdee-54123a041fa9,teensy.black,available,17.48,82.98,medium,low,6,namecheap,,,10/08/2026 08:01
4eff86c6-9ce1-4fc3-9b52-3e3e011d23f8,befitting.black,available,17.48,82.98,medium,low,9,namecheap,,,09/08/2026 08:38
1abaa072-1b11-4158-a1a5-83623526ac7b,birthday.black,available,26.5,,high,low,8,unstoppable,,,29/09/2026 02:53
20850e05-360a-4bc7-b1a0-f2c74c43da3f,lankan.black,available,27.99,64.99,medium,low,6,namesilo,,,29/09/2026 09:15
f1cf91a3-69e7-4ceb-b171-a00cc246b868,cluttered.black,available,17.48,82.98,medium,low,9,namecheap,,,12/08/2026 13:12
4ee522d7-ffde-45d5-b55c-a4cdfa1f3f35,teacher.black,available,26.5,,high,low,7,unstoppable,,,30/09/2026 00:13
374f1150-065c-4b45-9f09-a013fa3b8cac,pregnant.black,available,29.99,88.49,high,low,8,name.com,,,25/09/2026 18:23
e2361e38-3ee1-4196-92ee-4604db836f2d,millenary.black,available,17.48,82.98,medium,low,9,namecheap,,,24/08/2026 23:13
dbd25c38-5860-4607-9d8a-46ba3721a9fd,nineties.black,available,27.99,64.99,medium,low,8,namesilo,,,16/09/2026 12:01
574c0638-359a-48b0-b207-3b3d524849da,barra.black,available,26.5,,medium,low,5,unstoppable,,,30/09/2026 19:26
23a99c47-8d31-4269-817c-5d344d6b9ac3,prelate.black,available,17.48,82.98,medium,low,7,namecheap,,,20/09/2026 02:36
bd28e549-38e4-465e-8ba9-e7f3fe3dd2aa,viper.black,available,27.99,64.99,high,low,5,namesilo,,,30/09/2026 03:06
697ad9b4-4ca2-4a40-9634-7ce83ab87fc5,adenium.black,available,27.99,64.99,medium,low,7,namesilo,,,17/09/2026 07:28
9cb54542-5383-4f42-9f34-f322f47bfee5,creating.black,available,29.99,,high,low,8,name.com,,,
9b9c89ec-f55e-4bd4-8b46-f222bfabd664,psychic.black,available,27.99,64.99,high,low,7,namesilo,,,27/09/2026 07:57
9dc78c74-c2a7-4466-8c2f-67e8c3334845,northerly.black,available,17.48,82.98,medium,low,9,namecheap,,,03/09/2026 21:23
ea8950b5-190f-4473-874e-85cb0dbf8e6f,bihar.black,available,27.99,64.99,high,low,5,namesilo,,,23/09/2026 15:31
e2ad8c1a-40a5-4bc8-8186-59b790fbc996,irascible.black,available,17.48,82.98,medium,low,9,namecheap,,,21/08/2026 14:18
823d3efc-f8a9-4d83-9e53-3c0ae4bc4c12,lourdes.black,available,15.73,51.95,medium,low,7,spaceship,,,29/09/2026 09:34
1cfdce14-c605-48de-a312-d17d46f456c4,honeyed.black,available,17.48,82.98,medium,low,7,namecheap,,,21/08/2026 13:23
c5485c17-a4b5-46a7-ac5c-a2392a7bbd39,orchestrated.black,available,27.99,64.99,high,low,12,namesilo,,,16/09/2026 23:12
06ee4bc9-52d0-4757-bd93-68b4914c50a4,guggenheim.black,available,17.48,82.98,high,low,10,namecheap,,,27/09/2026 04:18
adfdb961-c9f9-4047-bfda-487d6f6c49aa,convicted.black,available,17.48,82.98,medium,low,9,namecheap,,,27/09/2026 23:23
896111f8-8736-462d-82ec-1d0fd6812ee1,sunstruck.black,available,17.48,82.98,medium,low,9,namecheap,,,11/09/2026 02:01
7a5218eb-2ff2-4abc-ad4d-33916da8c3e8,lantern.black,available,17.48,82.98,high,low,7,namecheap,,,28/09/2026 14:40
b23fe360-ebc3-4558-910f-a43c91b7f869,euclidian.black,available,17.48,82.98,medium,low,9,namecheap,,,17/08/2026 14:04
f846cd83-e21f-4695-a904-a7897a5a9e8e,upscale.black,available,17.48,82.98,high,low,7,namecheap,,,12/09/2026 23:19
fa4b9c99-a97a-4f12-81a0-51563532bd75,implications.black,available,27.99,64.99,medium,low,12,namesilo,,,29/09/2026 17:18
711c6238-ab9d-4441-99ab-0d3553a84c04,clannish.black,available,17.48,82.98,medium,low,8,namecheap,,,12/08/2026 09:35
238c5c9a-c080-4dc1-b55e-38729b498813,siberian.black,available,27.99,64.99,high,low,8,namesilo,,,27/09/2026 21:41
ca991249-a314-4145-a5ca-0defe5ba4102,class.black,available,15.73,51.95,high,low,5,spaceship,,,28/09/2026 14:22
3e4da3df-dcf1-42af-8a78-a4e70365ac25,tighten.black,available,50.2,50.2,high,low,7,cloudflare,,,29/09/2026 14:16
e811ab87-0a08-4d1b-b381-9f5df58cea56,equipping.black,available,17.48,82.98,medium,low,9,namecheap,,,20/09/2026 07:13
d7f0dec6-5dda-4e5d-a2f8-911635818988,blistering.black,available,17.48,82.98,medium,low,10,namecheap,,,
030b4ee6-b40a-4e27-8ee9-c6918a151f71,forsake.black,available,17.48,82.98,medium,low,7,namecheap,,,14/08/2026 03:54
8843831c-e9ad-41c9-b12f-44461da5c661,grub.black,available,17.48,82.98,high,low,4,namecheap,,,11/08/2026 09:30
9dbf93ba-8345-4858-be0e-49bd144ac570,nutbrown.black,available,17.48,82.98,high,low,8,namecheap,,,03/09/2026 23:14
9e60c305-971b-42fc-bdc7-979dc252ceb5,lighter.black,available,17.48,82.98,high,low,7,namecheap,,,22/09/2026 05:44
4e5e73de-eb4b-4132-8c99-ce3116a50c05,becker.black,available,15.73,51.95,high,low,6,spaceship,,,29/09/2026 03:35
695c5642-febe-4ff2-9e94-fccf831e11b1,peterson.black,available,17.48,82.98,high,low,8,namecheap,,,25/09/2026 17:40
90f75c22-2965-4528-bc9f-43b7540af8c3,bilbao.black,available,15.73,51.95,medium,low,6,spaceship,,,29/09/2026 03:44
5483f3fd-6f44-4eef-9a7e-c2becb17ccb8,comically.black,available,17.48,82.98,medium,low,9,namecheap,,,14/09/2026 07:31
703933e5-6fd4-4d66-bb3f-0a7bd29107d0,biddable.black,available,17.48,82.98,medium,low,8,namecheap,,,
e8cf9f38-819b-4dab-8138-c223585fb0dc,inventive.black,available,27.99,64.99,high,low,9,namesilo,,,28/09/2026 05:59
ab82b954-fbfd-4536-97dc-184853f15b84,wire.black,available,15.73,51.95,high,low,4,spaceship,,,29/09/2026 05:42
830ac6b4-203b-40ec-85f7-1babee6d36d1,salacity.black,available,17.48,82.98,medium,low,8,namecheap,,,22/09/2026 16:54
2e6b243d-1502-4213-bb2e-0965bb5b9356,cattle.black,available,17.48,82.98,high,low,6,namecheap,,,25/09/2026 01:59
9355ae35-519a-4c34-bf10-457934d1d19d,prognosis.black,available,27.99,64.99,high,low,9,namesilo,,,30/09/2026 09:42
930587dd-ee27-43d9-b0e1-f4d75ae5c294,mackay.black,available,27.99,64.99,medium,low,6,namesilo,,,25/09/2026 16:20
f88d776c-c75b-43e5-806a-e7f051271420,elm.black,available,15.96,52.01,high,low,3,porkbun,,,30/09/2026 09:31
968dc775-596e-4590-8829-c78de76cf5f9,honey.black,available,17.48,82.98,high,medium,5,namecheap,,,09/08/2026 13:51
723f732c-d098-45ec-86e9-15326407b30c,cheetos.black,available,17.48,82.98,high,low,7,namecheap,,,21/09/2026 04:04
1eba8291-cf15-4d35-b32b-c64f23a838c4,corrections.black,available,27.99,64.99,high,low,11,namesilo,,,17/09/2026 22:27
79f5778f-3bda-4442-acb1-5393a8e4bf5a,lennon.black,available,15.73,51.95,high,low,6,spaceship,,,27/09/2026 14:28
c86d8d1b-caa8-4f32-9529-dbc0448d2e97,amon.black,available,17.48,82.98,high,low,4,namecheap,,,18/09/2026 18:27
c4746a4a-7038-452e-a538-2998c2170647,gyral.black,available,17.48,82.98,medium,low,5,namecheap,,,20/08/2026 21:19
aef87aff-e8fc-4ef3-997a-0677d5a70e4d,blueish.black,available,27.99,64.99,high,low,7,namesilo,,,22/09/2026 22:51
38251327-64e0-4387-82e7-e4461bf8877a,bayat.black,available,17.48,82.98,medium,low,5,namecheap,,,22/09/2026 17:57
2bb3a20e-aa82-482f-9d97-e8b111563366,maintenance.black,available,15.73,51.95,high,low,11,spaceship,,,27/09/2026 21:41
10f90127-ebc9-486d-b3b9-25a89c9e1270,henderson.black,available,17.48,82.98,high,low,9,namecheap,,,25/09/2026 19:30
1b528a9c-33ed-41c0-874f-2869aef79b4c,pir.black,available,16.27,53.72,medium,low,3,dynadot,,,30/09/2026 12:35
06b7cb2b-8038-409a-aea0-4f68f54ab746,linguist.black,available,17.48,82.98,high,low,8,namecheap,,,08/09/2026 23:18
fdb39144-fcf7-4ffa-ad7a-e89fa5b39209,hexad.black,available,17.48,82.98,medium,low,5,namecheap,,,
15feef8a-377a-4e7c-99b0-375969f3ddf9,campsite.black,available,27.99,64.99,high,low,8,namesilo,,,24/09/2026 11:55
1d9fe986-0b31-47d4-84ed-430bc25eee15,located.black,available,27.99,64.99,high,low,7,namesilo,,,25/09/2026 14:10
c1585fd2-3cfc-41c3-9a2a-a2a38426dc51,nsc.black,available,26.5,,high,low,3,unstoppable,,,29/09/2026 07:39
61e2271c-d4b1-4596-a45e-1c969ec2b1c8,bernhardt.black,available,27.99,64.99,high,low,9,namesilo,,,23/09/2026 09:55
6578beca-15e7-4320-bc61-00af329b66d8,sausage.black,available,15.73,51.95,high,low,7,spaceship,,,30/09/2026 10:39
7c50912d-5210-4a9f-93ba-cee0abca77ff,violin.black,available,50.2,50.2,high,low,6,cloudflare,,,28/09/2026 09:46
7da4ca8f-f030-4311-8616-e6e040ad8ed8,herself.black,available,17.48,82.98,medium,low,7,namecheap,,,26/09/2026 03:24
0f3f3d4c-b69d-4ba7-a76d-01bd57d1ff87,ballade.black,available,17.48,82.98,medium,low,7,namecheap,,,21/09/2026 22:41
42069026-7265-439e-b873-c6652eab2233,lucent.black,available,17.48,82.98,high,low,6,namecheap,,,
9c2ada16-b44d-4d6d-a010-ad990158a5c4,unhappiness.black,available,29.99,,medium,low,11,name.com,,,
619f167f-8796-453f-b082-da3272bec0e6,lxxxviii.black,available,17.48,82.98,medium,low,8,namecheap,,,
ee4ff2ec-8196-4220-be88-829bf60d5c5c,discussing.black,available,27.99,64.99,medium,low,10,namesilo,,,27/09/2026 11:01
63e83b62-0997-4771-9446-06d14f8aa4cd,writers.black,available,15.73,51.95,medium,low,7,spaceship,,,28/09/2026 04:38
00dd081b-6458-4d21-8c07-40d21b5f9fb1,girard.black,available,17.48,82.98,high,low,6,namecheap,,,28/09/2026 05:50
a9788052-208a-4f44-b93a-469590466d7e,aggregator.black,available,27.99,64.99,high,low,10,namesilo,,,17/09/2026 17:29
70a914a9-62dc-43ab-bae4-fd4b22921ce7,peripheral.black,available,17.48,82.98,high,low,10,namecheap,,,08/09/2026 17:14
b55f43d7-ae64-48fd-841e-06da904348bf,eatable.black,available,17.48,82.98,medium,low,7,namecheap,,,12/08/2026 18:47
ae9013f5-5453-48b9-bc3b-0653b47a6e72,obligations.black,available,15.73,51.95,low,low,11,spaceship,,,29/09/2026 05:17
32e9cf26-4845-4862-96b9-7f1b4eb8dd45,quadratic.black,available,17.48,82.98,high,low,9,namecheap,,,09/09/2026 07:19
da31c4fa-5048-41e2-811d-673e008fd2e3,metres.black,available,15.73,51.95,medium,low,6,spaceship,,,29/09/2026 23:41
fb42065f-446a-49d0-9c86-5ffd2845595a,downfield.black,available,17.48,82.98,medium,low,9,namecheap,,,14/08/2026 17:39
4a36fe66-eab3-47c4-9f04-460e75902ce5,outing.black,available,50.2,50.2,high,low,6,cloudflare,,,29/09/2026 18:23
fbec0072-a000-4408-82ac-584511720c93,packet.black,available,27.99,64.99,high,low,6,namesilo,,,24/09/2026 11:14
0bd4fc40-3ea6-4c14-92cc-bf281d71ad68,gus.black,available,29.99,88.49,high,low,3,name.com,,,25/09/2026 15:07
b54f7285-6e67-4aac-97ef-289ea8230c84,handkerchief.black,available,26.5,,high,low,12,unstoppable,,,30/09/2026 06:03
d46f4179-fe81-4986-8a6a-3e60373a1859,issuers.black,available,15.73,51.95,medium,low,7,spaceship,,,30/09/2026 07:32
d457676d-c43b-49c3-994c-62e651f4648b,delimited.black,available,17.48,82.98,medium,low,9,namecheap,,,10/08/2026 21:54
d955e958-81e3-412d-889d-aec18abe3b06,coronary.black,available,17.48,82.98,high,low,8,namecheap,,,13/08/2026 01:44
1515c8cc-031f-4d53-96ab-d67add6dba8d,popped.black,available,50.2,50.2,medium,low,6,cloudflare,,,29/09/2026 11:00
35dfdba3-e76e-4513-ab38-ac4abedbd065,uniat.black,available,17.48,82.98,medium,low,5,namecheap,,,12/09/2026 12:44
d1cb7998-b833-4a10-bdde-8f3637be0447,sesame.black,available,27.99,64.99,high,low,6,namesilo,,,23/09/2026 08:27
f145b094-bce1-4058-8102-2a4b3066f6db,teaspoons.black,available,17.48,82.98,medium,low,9,namecheap,,,19/09/2026 22:48
a160afac-f3cc-49c2-85a1-394544ef545c,anglophile.black,available,17.48,82.98,medium,low,10,namecheap,,,19/09/2026 06:52
373ceeb4-4f4c-4746-b37b-60fe7c53d49e,stoppers.black,available,27.99,64.99,medium,low,8,namesilo,,,20/09/2026 12:45
9b726665-2cff-4305-97f9-de251fdf9673,verdict.black,available,17.48,82.98,high,low,7,namecheap,,,27/09/2026 03:56
f59abcea-5a07-4072-9ad7-91dcdd17d2ac,cpc.black,available,50.2,50.2,high,low,3,cloudflare,,,28/09/2026 16:33
b8e3cd0b-9b69-4212-b27c-0ff1e3b35680,becloud.black,available,17.48,82.98,medium,low,7,namecheap,,,03/09/2026 23:53
6326a8bc-a348-40e3-a8cd-c730f813bcb2,auric.black,available,17.48,82.98,medium,low,5,namecheap,,,07/08/2026 17:36
9988ad84-cd75-44d3-a2cf-92de116dff11,cadaverous.black,available,17.48,82.98,medium,low,10,namecheap,,,10/08/2026 18:51
ab32950f-884d-464b-b337-2935737df242,perhaps.black,available,50.2,50.2,high,low,7,cloudflare,,,28/09/2026 16:16
28e6cf64-0253-4b22-a1c9-fdc698e0a5fe,mayer.black,available,27.99,64.99,high,low,5,namesilo,,,25/09/2026 09:10
efe133a7-e503-4e7e-85ae-24c3e1a24cb0,absorb.black,available,17.48,82.98,high,low,6,namecheap,,,10/09/2026 19:56
2b98c459-d0ed-4bf6-a85f-e3fcebfd8ca9,transit.black,available,50.2,50.2,high,low,7,cloudflare,,,28/09/2026 15:28
51ca9e8d-8b33-4015-8d3f-a3f30ffc8a38,adventures.black,available,27.99,64.99,high,low,10,namesilo,,,18/09/2026 17:22
d1c65656-3a6f-489c-9153-363184b06c87,joliet.black,available,17.48,82.98,medium,low,6,namecheap,,,29/09/2026 01:26
c563f394-28b5-454f-a602-a99fbabfa519,agriculture.black,available,15.73,51.95,high,low,11,spaceship,,,29/09/2026 10:29
0e2f18bb-accf-4359-81c2-0a4b18b69693,lust.black,available,15.73,51.95,high,low,4,spaceship,,,30/09/2026 02:38
e25a4dfd-3306-4c68-a16b-45f0b832c501,frilled.black,available,17.48,82.98,high,low,7,namecheap,,,18/08/2026 15:49
cd9e127d-a510-4557-bbee-b2a2a0862630,angelology.black,available,17.48,82.98,medium,low,10,namecheap,,,19/09/2026 06:02
0ff268b7-d3b2-4355-80d3-d8a136fa7993,biologic.black,available,17.48,82.98,high,low,8,namecheap,,,10/08/2026 02:14
06ba7ba1-5d50-41c0-9064-f9f95ada42e8,humbling.black,available,17.48,82.98,medium,low,8,namecheap,,,14/08/2026 01:09
90bc151c-879c-4710-9363-3c3b959f0c63,invitations.black,available,15.96,52.01,medium,low,11,porkbun,,,29/09/2026 11:30
b9e6cb11-c314-4dbf-935c-19d3e585ec9e,grayish.black,available,17.48,82.98,high,low,7,namecheap,,,20/08/2026 18:56
a554487e-7ab5-4ad1-b0ed-9d26cad1fb32,almoner.black,available,27.99,64.99,medium,low,7,namesilo,,,18/09/2026 12:40
4b996744-fab2-4f40-a475-c4897cb7f7c8,looney.black,available,17.48,82.98,medium,low,6,namecheap,,,13/08/2026 05:34
8318f6e1-21a6-4699-9d7d-9506c7d6103c,unsecured.black,available,17.48,82.98,medium,low,9,namecheap,,,12/09/2026 01:41
e3182090-6f03-4877-b43d-681796d859d8,carly.black,premium,500.5,,high,low,5,unstoppable,,,29/09/2026 15:23
e4562784-8252-4f9e-8364-97fc38631df8,roomy.black,available,16.27,53.72,high,low,5,dynadot,,,27/09/2026 16:14
54e30886-4fb9-4a87-a894-6ae514eb3198,permed.black,available,17.48,82.98,high,low,6,namecheap,,,08/09/2026 17:46
b17f69c5-675b-4224-b469-d472de949dbd,encumbered.black,available,17.48,82.98,medium,low,10,namecheap,,,17/08/2026 00:40
50d01964-d125-4490-ac7a-57517dbd85be,lucidly.black,available,17.48,82.98,medium,low,7,namecheap,,,15/09/2026 12:12
d640f490-6529-4eaa-bfa0-7adb5e988e4d,exploited.black,available,17.48,82.98,medium,low,9,namecheap,,,08/09/2026 15:46
e4d08a13-331d-4634-9386-cc3f7561cb2c,aro.black,available,27.99,64.99,high,low,3,namesilo,,,30/09/2026 03:42
f59fad43-94a5-4bb7-a02e-fb33c1b8fff5,barbuda.black,available,17.48,82.98,medium,low,7,namecheap,,,22/09/2026 05:04
956f364f-8067-4728-9543-f18d6eeffa69,phantom.black,premium,78.54,78.54,high,low,7,namesilo,,,08/09/2026 18:32
54a65e59-a117-4d57-8d29-9a4dd60e992b,bhp.black,available,15.73,51.95,high,low,3,spaceship,,,29/09/2026 21:45
fcb7648d-d8da-42cb-af97-ba78fa0c7e75,unknowing.black,available,17.48,82.98,medium,low,9,namecheap,,,12/09/2026 14:22
5c4d77e8-965b-447e-9c88-bffcea318fcd,uhf.black,available,27.99,64.99,high,low,3,namesilo,,,26/09/2026 00:28
656aabcf-0571-4523-81ba-95e4d81ca87d,marion.black,premium,78.54,78.54,high,low,6,namesilo,,,25/09/2026 14:37
1313dcd1-7056-4b5a-b14f-16bd87548a49,malt.black,available,17.48,82.98,high,low,4,namecheap,,,24/08/2026 14:13
404f8036-8c8a-4982-9ddf-3d5b17c4bd4e,incidentally.black,available,50.2,50.2,medium,low,12,cloudflare,,,28/09/2026 21:17
d0a74c9e-5207-4899-9025-7bb665f6b554,auditor.black,available,27.99,64.99,high,low,7,namesilo,,,21/09/2026 01:32
ce19361c-cfa7-479f-8405-dae70b32fa98,cheque.black,available,27.99,64.99,high,low,6,namesilo,,,22/09/2026 02:22
3595da30-e5e0-488b-b847-ac9fe5306552,primordial.black,available,17.48,82.98,high,low,10,namecheap,,,09/09/2026 02:06
e97770fa-4da1-42da-ad05-8edbe02a225e,targets.black,available,27.99,64.99,medium,low,7,namesilo,,,18/09/2026 15:18
673d7bef-85c1-40dc-8012-daebf3932e45,rudder.black,available,15.73,51.95,high,low,6,spaceship,,,29/09/2026 20:14
36af7b3a-b573-42b1-a6bb-022f1795f50f,finite.black,available,17.48,82.98,high,low,6,namecheap,,,18/08/2026 05:02
90d99509-7e3d-4f74-93d1-c4a4a56103c4,outcome.black,available,16.27,53.72,high,low,7,dynadot,,,29/09/2026 11:10
a3dafd25-2fe7-458c-9423-86fd689b273c,laxative.black,available,17.48,82.98,high,low,8,namecheap,,,22/08/2026 21:25
380c0f8a-a99d-4bdb-a6b4-5bdc2f54555a,val.black,available,27.99,64.99,high,low,3,namesilo,,,27/09/2026 06:29
18e386fa-354e-4e08-8966-caaf7cde9ab9,printers.black,premium,78.54,78.54,medium,low,8,namesilo,,,21/09/2026 00:30
2dca9a78-bdfc-45d2-bfcd-7bc4aaba2bc6,randomly.black,available,17.48,82.98,medium,low,8,namecheap,,,13/09/2026 20:35
7b78ccf2-7e86-4030-bd91-dc3a94ef58ca,beaten.black,available,17.48,82.98,medium,low,6,namecheap,,,09/08/2026 05:47
01134fa6-9ccc-44e6-aa58-d34f88e1f898,aplomb.black,available,29.99,88.49,high,low,6,name.com,,,19/09/2026 17:47
95584da7-4d8f-462b-ba56-b06f9af1fb69,browned.black,available,17.48,82.98,medium,low,7,namecheap,,,11/08/2026 06:29
69918771-f15e-41be-9530-5f6bf481ae53,mushrooms.black,available,15.73,51.95,medium,low,9,spaceship,,,29/09/2026 11:10
b04bef3b-0888-41b3-baec-02c13c759743,gettable.black,available,17.48,82.98,medium,low,8,namecheap,,,18/08/2026 23:02
1bf4f7f9-9291-48ad-ad4c-a29a16adf626,penniless.black,available,17.48,82.98,medium,low,9,namecheap,,,21/08/2026 00:34
dec83688-0b06-4a89-b90e-35667b3a8b72,nanus.black,available,17.48,82.98,medium,low,5,namecheap,,,24/08/2026 22:32
a35e7132-ee43-4913-ac4f-b1d1e608e653,reservations.black,available,17.48,82.98,medium,low,12,namecheap,,,17/09/2026 23:30
a072c85a-48c3-4ce6-b8c7-c155bcfc5209,casteless.black,available,17.48,82.98,medium,low,9,namecheap,,,11/08/2026 20:25
66069a90-3d24-468f-a43f-b96c26455a4c,doric.black,available,17.48,82.98,high,low,5,namecheap,,,14/08/2026 16:13
82d39133-35e4-4a05-843b-69822b0e14ce,javan.black,available,17.48,82.98,high,low,5,namecheap,,,22/08/2026 12:30
5c4d2327-7345-4d77-8b1d-d0cb3d245e0d,shielding.black,available,27.99,64.99,high,low,9,namesilo,,,30/09/2026 11:01
e30f3c3d-83d6-4952-b0ff-1d8881e35f71,hexed.black,available,17.48,82.98,medium,low,5,namecheap,,,21/08/2026 07:51
248ab624-4afe-4d79-86c8-80ef1c8f7432,ella.black,premium,640,640,high,low,4,namesilo,,,25/09/2026 21:52
d7a34cbe-83e6-46e8-bc11-b7225f1b477f,aqueduct.black,available,27.99,64.99,high,low,8,namesilo,,,19/09/2026 23:10
3db33efb-9e2b-4ea3-8e4f-5ee2d2c13023,willfully.black,available,27.99,64.99,medium,low,9,namesilo,,,16/09/2026 11:30
80b2bc47-3595-4987-b02f-88d132f7bcc1,reconstruct.black,available,15.73,51.95,high,low,11,spaceship,,,29/09/2026 21:11
a811dc00-8a4c-4866-badf-387e63dfcba4,surname.black,available,26.5,,high,low,7,unstoppable,,,29/09/2026 06:51
30a00dbd-a8fe-48d4-bac2-e080095027fc,pluton.black,available,27.99,64.99,medium,low,6,namesilo,,,22/09/2026 13:46
bdb56bfe-a0f2-4279-8298-c08bffe27dbe,assume.black,available,27.99,64.99,high,low,6,namesilo,,,27/09/2026 08:58
7f94920a-b4bb-4c0f-8ac6-e1d67d8d428a,cavite.black,available,15.73,51.95,medium,low,6,spaceship,,,30/09/2026 22:11
ba20776a-8401-420d-92f9-f92fce088ff1,creature.black,available,27.99,64.99,high,low,8,namesilo,,,22/09/2026 04:42
1d2c7091-fde0-4bed-826a-fe2b9a9bdb92,rattlesnake.black,available,15.73,51.95,high,low,11,spaceship,,,30/09/2026 03:33
33bcea1b-3149-4a5c-a189-5ad28dea8600,footloose.black,available,17.48,82.98,high,low,9,namecheap,,,18/08/2026 10:46
98fc71e9-3da7-4027-bbce-d046a01c2e99,tram.black,available,27.99,64.99,high,low,4,namesilo,,,17/09/2026 12:49
2d5beea3-a5fa-4d7d-80fc-4f657ec2702a,astonish.black,available,50.2,50.2,high,low,8,cloudflare,,,30/09/2026 14:59
32a36a51-062c-45db-b8ab-c31522238b33,hypnotized.black,available,17.48,82.98,high,low,10,namecheap,,,17/08/2026 22:46
e1960936-a422-4847-a089-e453d3eb1711,starlit.black,available,17.48,82.98,medium,low,7,namecheap,,,10/09/2026 18:56
1bf3677c-cfd0-4236-ab06-36ba1f517c68,immoral.black,available,17.48,82.98,medium,low,7,namecheap,,,21/08/2026 21:10
39a8c107-dc82-468e-bd5b-c5f71918dba0,azoic.black,available,17.48,82.98,medium,low,5,namecheap,,,08/08/2026 02:22
7c5a87a6-2050-4811-b0c7-7d905705a405,supervised.black,available,17.48,82.98,high,low,10,namecheap,,,11/09/2026 02:26
3f5ffab6-4c4c-4f99-b57e-2949c962ba2b,casing.black,available,17.48,82.98,high,low,6,namecheap,,,30/09/2026 08:59
47a766b2-359c-4888-abb0-7ef6378af0e5,pretext.black,available,15.73,51.95,high,low,7,spaceship,,,30/09/2026 01:48
97c2dda7-5b43-4d0b-b511-8dd645a62ab4,throwing.black,available,27.99,64.99,high,low,8,namesilo,,,27/09/2026 08:46
2bf30484-50b4-4c98-85da-91a4718439e8,baghdad.black,available,50.2,50.2,medium,low,7,cloudflare,,,29/09/2026 00:27
aedcb18f-cd05-4de9-8096-91e9ffade38d,cultural.black,available,17.48,82.98,high,low,8,namecheap,,,13/08/2026 10:15
5003548d-6533-478e-a989-476ba872d228,taxable.black,available,17.48,82.98,medium,low,7,namecheap,,,03/09/2026 19:07
90206838-9cc7-4c33-aa64-29035a213c52,biennial.black,available,17.48,82.98,high,low,8,namecheap,,,09/08/2026 19:52
1406f403-9e88-4c47-9403-ae1d6b64dfca,flashily.black,available,17.48,82.98,medium,low,8,namecheap,,,14/09/2026 18:54
cfad472a-dcfd-4c14-ae92-ed86dbb7cea1,most.black,available,17.48,82.98,high,low,4,namecheap,,,25/09/2026 21:48
17afb07f-0da9-4db6-87c4-dedfbde8a330,derby.black,available,27.99,64.99,high,low,5,namesilo,,,29/09/2026 06:08
fceebe00-c012-40ec-8e68-d33c0a1c03bb,coffeepots.black,available,27.99,64.99,medium,low,10,namesilo,,,21/09/2026 00:56
dead3a31-65b1-4fc2-b5ab-5088f6e94ed7,indica.black,available,15.73,51.95,high,low,6,spaceship,,,30/09/2026 12:26
c3ce5de5-9843-4872-8c00-abc32e7f204d,broached.black,available,17.48,82.98,medium,low,8,namecheap,,,
16dc1729-d718-4383-9e15-3d871d0b57de,monitoring.black,available,27.99,64.99,high,low,10,namesilo,,,30/09/2026 05:07
7098e997-7aab-4791-a829-ab8a43502d0d,identifying.black,available,50.2,50.2,high,low,11,cloudflare,,,29/09/2026 08:55
1aa92421-4db1-44ed-a931-c6af0e452c7b,operationally.black,available,16.27,53.72,medium,low,13,dynadot,,,29/09/2026 17:55
e4af0217-0640-49c7-880c-568d6f68e06a,besotted.black,available,17.48,82.98,medium,low,8,namecheap,,,09/08/2026 15:27
71c91fce-9f05-424b-bc8d-c8701e0ca483,splendor.black,available,26.5,,high,low,8,unstoppable,,,30/09/2026 08:50
c76d4a78-613c-4222-b55d-2a3209787a53,patched.black,available,17.48,82.98,medium,low,7,namecheap,,,08/09/2026 10:18
92fd54cb-ae44-4879-b937-9fd56356dda1,erbium.black,available,27.99,64.99,medium,low,6,namesilo,,,20/09/2026 23:37
1bf59ed3-9b57-410f-846a-ceea6687a97e,plateau.black,available,26.5,,high,low,7,unstoppable,,,30/09/2026 18:21
738f58ed-8592-4608-85b6-087da6159c4f,previously.black,available,27.99,64.99,medium,low,10,namesilo,,,28/09/2026 12:13
74d326b5-55a7-4d03-9df9-090233754e54,centennial.black,available,17.48,82.98,high,low,10,namecheap,,,11/08/2026 23:53
9e5dce0e-3641-4b17-99da-f55ec4f22490,howso.black,available,29.99,,medium,low,6,name.com,,,
9f2913d3-2057-41ee-aca5-e5c88c94613f,instead.black,available,26.5,,high,low,7,unstoppable,,,28/09/2026 12:08
18ee9dd5-3f3b-47b1-ae9a-2f02819fb06a,health.black,resell,,,high,medium,6,Porkbun LLC,22/06/2026 23:44,22/06/2027 23:44,30/09/2026 07:37
617e7b88-b6dc-4abe-ac2d-db5c42d4ebf0,bologna.black,available,27.99,64.99,high,low,7,namesilo,,,30/09/2026 16:29
4ca60008-3526-4e3e-8b27-0ea1ff52217a,southeast.black,available,27.99,64.99,low,low,10,namesilo,,,28/09/2026 08:19
bc991f7e-05bb-4728-b594-e04f8f74810c,beware.black,premium,273.41,546.35,medium,low,6,porkbun,,,28/09/2026 20:49
b431b988-0a57-4826-8005-a102e2bb615e,hausen.black,available,17.48,82.98,medium,low,6,namecheap,,,17/09/2026 01:50
b469c547-1d4f-492b-b10d-ca6499e036ce,sulky.black,available,17.48,82.98,medium,low,5,namecheap,,,20/08/2026 14:46
ad90f5d9-8231-49eb-a666-3a9c85c7e9d3,backbend.black,available,27.99,64.99,medium,low,8,namesilo,,,21/09/2026 15:01
5d38ffa8-f61d-4984-b9fa-4e4aa1558b44,xenophon.black,available,26.5,,medium,low,8,unstoppable,,,30/09/2026 03:10
3791dbaf-447e-4761-92c2-1bc7a954343d,creeping.black,available,50.2,50.2,medium,low,8,cloudflare,,,29/09/2026 00:36
7c1b75d8-26bd-40a0-9652-2c555cd1d55b,sediment.black,available,26.5,,high,low,8,unstoppable,,,01/10/2026 03:37
6ad68b16-4a26-4eab-b152-a1b9da58aab3,replace.black,available,27.99,64.99,high,low,7,namesilo,,,28/09/2026 01:47
5439cace-b55b-4dd3-826f-3817541a6620,galley.black,available,27.99,64.99,medium,low,6,namesilo,,,01/10/2026 01:14
f6a78acd-1ff5-4fd4-bfbc-175033c2d585,hhs.black,available,15.73,51.95,high,low,3,spaceship,,,29/09/2026 12:02
89f5566d-6024-40fe-b67c-e5b761947982,misguided.black,available,17.48,82.98,medium,low,9,namecheap,,,21/08/2026 18:57
4d7737d8-5ba0-4013-96b6-e1517bfb7e96,accredited.black,available,27.99,64.99,high,low,10,namesilo,,,21/09/2026 15:54
36e3bb4d-d17a-479c-8c78-b1b86f48dc47,swain.black,available,27.99,64.99,medium,low,5,namesilo,,,22/09/2026 21:56
f74642d2-37fa-4c74-851e-52de36c50f98,benni.black,available,27.99,64.99,high,low,5,namesilo,,,23/09/2026 08:28
9414fac0-4fea-4024-9461-10b5a99e5c54,moravia.black,available,15.96,52.01,medium,low,7,porkbun,,,28/09/2026 19:54
2a9cb757-3ed3-49a3-b1ed-cc6542fe0cc3,lowercase.black,available,27.99,64.99,high,low,9,namesilo,,,25/09/2026 15:23
338acdcb-9a8e-4946-96a7-4b1ed0d742a7,troll.black,available,26.5,,high,low,5,unstoppable,,,30/09/2026 13:56
fbf8ccfc-4d53-4e73-bd64-c295bf60ff1b,competitors.black,available,27.99,64.99,medium,low,11,namesilo,,,29/09/2026 11:34
cabbc6f0-8cec-419b-9675-eebbca6c425c,aluminum.black,available,17.48,82.98,high,low,8,namecheap,,,18/09/2026 00:21
2cb59d8a-f15b-4d50-8dd6-b8578186c208,compelled.black,available,27.99,64.99,low,low,9,namesilo,,,28/09/2026 23:06
7ab73311-430c-4ae3-bc2a-4bda9c803b8d,eroticism.black,available,27.99,64.99,high,low,9,namesilo,,,18/09/2026 16:10
c22b807a-2bb5-4896-8d90-03fddd684a91,indisposed.black,available,17.48,82.98,medium,low,10,namecheap,,,
03c9194e-4cca-4a0f-b758-b458653d8ea4,unkempt.black,available,17.48,82.98,medium,low,7,namecheap,,,12/09/2026 14:07
390f3486-d104-4cc7-96cf-5debfbbb8071,sunburned.black,available,17.48,82.98,medium,low,9,namecheap,,,11/09/2026 01:46
cbbb5556-c035-48c0-b664-05c80f8112a5,telluric.black,available,17.48,82.98,medium,low,8,namecheap,,,11/09/2026 10:39
62a7033a-7064-4b25-89f8-a1f2260ce18b,conrad.black,premium,78.54,78.54,high,low,6,namesilo,,,25/09/2026 04:23
20a00e6c-a49b-46fe-a891-17c1193f0d29,catclaw.black,available,27.99,64.99,medium,low,7,namesilo,,,23/09/2026 23:59
1328a16c-2f6a-43d9-ba84-e6edeb083563,ahimsa.black,available,17.48,82.98,high,low,6,namecheap,,,17/09/2026 20:23
1c3ee0dd-6b3a-4dbb-81b6-100384f9fe66,nettlesome.black,available,17.48,82.98,medium,low,10,namecheap,,,
bef3e010-ecbd-444c-924a-a4435b428018,aims.black,available,16.27,53.72,medium,low,4,dynadot,,,30/09/2026 06:57
9c3f457c-705e-4f7b-ae8c-3259797f17d9,occasions.black,available,26.5,,high,low,9,unstoppable,,,28/09/2026 14:59
f65d5111-495a-4ba4-ab25-242ff11325b0,gnomic.black,available,17.48,82.98,medium,low,6,namecheap,,,20/08/2026 15:44
cb84a949-b0ba-49c0-8005-0a51a86b5f74,furrowed.black,available,17.48,82.98,medium,low,8,namecheap,,,18/08/2026 18:55
af25455e-323f-4efd-8c8b-af39b56d8384,anomie.black,available,27.99,64.99,medium,low,6,namesilo,,,19/09/2026 11:29
da095fb5-29dd-4d2a-b56e-b74cce63fb53,audio.black,available,15.73,51.95,high,low,5,spaceship,,,28/09/2026 23:15
f5696747-fa0a-40e7-852c-1d78d7b5ad4c,parthian.black,available,17.48,82.98,medium,low,8,namecheap,,,08/09/2026 01:59
d84559ce-5087-4f20-87bc-b119c44c8bf5,genially.black,available,17.48,82.98,medium,low,8,namecheap,,,13/09/2026 17:52
2c3589cd-3562-4300-b05d-c563072d7bd4,garments.black,premium,650,650,medium,low,8,namecheap,,,30/09/2026 23:02
d3cc709d-e469-44bd-ab46-377ad08994d9,biol.black,available,26.5,,high,low,4,unstoppable,,,29/09/2026 16:48
f4e2b986-fba4-4b9f-89bb-49e9ab77260d,application.black,available,27.99,64.99,high,low,11,namesilo,,,27/09/2026 02:05
8fe7a7cb-9b6d-4a82-9a76-ecb1f6b751c8,lisboa.black,available,15.73,51.95,high,low,6,spaceship,,,29/09/2026 06:47
a9a2b073-4e7a-421a-a7e3-e97d2370955a,demography.black,available,50.2,50.2,medium,low,10,cloudflare,,,28/09/2026 18:56
f9fc3f89-37ed-49e2-9cce-8faf78b8cb7f,bury.black,available,27.99,64.99,high,low,4,namesilo,,,30/09/2026 16:51
2f9e089d-f3b8-4119-b797-5c2518a57503,anomaly.black,available,27.99,64.99,high,low,7,namesilo,,,19/09/2026 11:28
a5f954b8-8856-4577-aaf9-74f723250b93,unselfish.black,available,17.48,82.98,high,low,9,namecheap,,,12/09/2026 19:16
4da5d536-df1e-4313-a4c1-ef2fda73cf32,dappled.black,available,29.99,88.49,medium,low,7,name.com,,,13/08/2026 17:39
3d799efe-f639-4fe0-bbf1-2e5c53f44c63,extendable.black,available,17.48,82.98,medium,low,10,namecheap,,,17/08/2026 18:59
401546f1-7b59-4fce-beb9-51e24531cd64,murky.black,available,17.48,82.98,high,low,5,namecheap,,,25/08/2026 01:08
d8eb0ac2-d42c-4729-b3ac-c7a519744990,recklessly.black,available,17.48,82.98,medium,low,10,namecheap,,,15/09/2026 22:49
b409fc01-cdce-406c-8869-a56efcb0d57d,calculate.black,available,27.99,64.99,high,low,9,namesilo,,,28/09/2026 14:09
b7bf2efc-9fbf-4a29-bb63-643f257c34d3,hugging.black,available,27.99,64.99,high,low,7,namesilo,,,24/09/2026 12:55
c1642065-2cff-46db-a9b2-6aa323172d54,contacted.black,available,50.2,50.2,medium,low,9,cloudflare,,,28/09/2026 00:26
b438628c-1d97-4349-8324-801c4a24118c,juice.black,available,50.2,50.2,high,low,5,cloudflare,,,30/09/2026 01:04
1e43f022-48af-4e07-8ca5-89d98fe9e473,remedy.black,available,17.48,82.98,high,low,6,namecheap,,,13/08/2026 11:01
0921d5b9-3536-414f-9db0-7cfbc9438b4e,incompatible.black,available,29.99,,medium,low,12,name.com,,,
73fd9a0a-45e6-48d3-b974-a9c229860efe,saying.black,available,27.99,64.99,high,low,6,namesilo,,,25/09/2026 09:03
810daab5-e7f5-4b77-8582-1aed93577459,achieved.black,available,26.5,,high,low,8,unstoppable,,,28/09/2026 12:45
4d251cd4-6cb3-4407-93eb-7c90c9ca204a,abstract.black,available,27.99,64.99,high,low,8,namesilo,,,21/09/2026 15:10
72be27a8-8552-44c5-9825-5302bb9f346a,rogers.black,available,27.99,64.99,high,low,6,namesilo,,,27/09/2026 12:11
12c8a09b-a4c7-4c82-a2c2-a61583132d3e,ankus.black,available,17.48,82.98,medium,low,5,namecheap,,,19/09/2026 09:49
cf6dd431-94a2-4cdc-8848-ea07da8de20c,attorneys.black,available,16.27,53.72,medium,low,9,dynadot,,,28/09/2026 13:24
10687faf-d02c-449f-a1f7-86c85379605b,flightless.black,available,17.48,82.98,medium,low,10,namecheap,,,18/08/2026 08:09
dab1d161-0697-422a-859c-e1725d3ba8ff,sodomy.black,available,29.99,88.49,medium,low,6,name.com,,,19/09/2026 01:34
fc83c229-b8fe-4916-9599-a0e442ac4e23,hewn.black,available,17.48,82.98,medium,low,4,namecheap,,,20/08/2026 23:16
277949a9-d9c5-4ad1-9c16-e70f1915ec20,heiress.black,available,26.5,,high,low,7,unstoppable,,,01/10/2026 02:28
dcd7e163-2892-493d-99c3-b782db15b8d0,keynote.black,available,15.73,51.95,high,low,7,spaceship,,,30/09/2026 17:48
03ffe4ee-e4e3-4032-b71d-53c641741e7b,luz.black,available,15.96,52.01,medium,low,3,porkbun,,,28/09/2026 21:47
1702e6e8-3064-48cc-b101-392f73f0605c,bedbug.black,available,27.99,64.99,medium,low,6,namesilo,,,22/09/2026 22:45
fb68c7e0-76da-4861-acaf-6699ad54723b,abroad.black,available,27.99,64.99,high,low,6,namesilo,,,21/09/2026 14:31
67f04a3d-70a7-434e-b571-8e8d60f335ac,mms.black,available,16.27,53.72,high,low,3,dynadot,,,30/09/2026 21:06
eb7b9df6-e658-4c38-8f49-0221e587a8e9,enlarged.black,available,29.99,88.49,high,low,8,name.com,,,22/09/2026 22:37
170495e8-0f0f-4908-bc95-6dea9a99c6e4,adorably.black,available,17.48,82.98,medium,low,8,namecheap,,,13/09/2026 17:21
680cf15c-ece6-4142-a0fa-9dc475fcd0a1,parties.black,available,17.48,82.98,medium,low,7,namecheap,,,17/09/2026 10:18
3b656aac-4475-4362-9106-698efde0b230,ocean.black,resell,,,high,medium,5,"Chengdu West Dimension Digital Technology Co., Ltd.",03/12/2025 07:42,03/12/2026 07:42,30/09/2026 06:03
cbc0fa5b-cdb1-4de0-9b85-9c6f16cb48ca,bayesian.black,available,17.48,82.98,medium,low,8,namecheap,,,09/08/2026 03:13
7850ce79-d4d5-4302-ac91-41efcab8d0fe,bouncing.black,available,27.99,64.99,high,low,8,namesilo,,,23/09/2026 01:19
0a9fdec7-2fcb-4e80-8315-bd6f2043c956,pamper.black,available,15.96,52.01,high,low,6,porkbun,,,29/09/2026 00:06
94ff8146-8491-4a6e-a1cc-48d8fcc9e5f2,unlabelled.black,available,17.48,82.98,medium,low,10,namecheap,,,12/09/2026 14:33
e1cdb17c-dcbd-47cd-b180-280a64bae589,assessor.black,available,27.99,64.99,high,low,8,namesilo,,,20/09/2026 16:19
b0448e4f-e702-43ae-ba17-63b570cf54be,dumbstruck.black,available,17.48,82.98,medium,low,10,namecheap,,,14/08/2026 21:06
4f55cad8-0a85-4858-9577-b946572bbec3,agnate.black,available,17.48,82.98,medium,low,6,namecheap,,,
9379023d-0952-4db0-a3f2-7b376d0ae47e,vasco.black,available,50.2,50.2,high,low,5,cloudflare,,,29/09/2026 09:56
c27ab0fc-e5f3-44b1-a0f0-a4594cfea929,agathis.black,available,27.99,64.99,medium,low,7,namesilo,,,17/09/2026 16:31
7f0f10bf-837b-41fd-877d-f0fb1fa5893a,nutcase.black,available,17.48,82.98,medium,low,7,namecheap,,,13/08/2026 05:36
5104d143-ada5-48cc-9876-c7d53e9ea7d2,buckets.black,available,15.73,51.95,medium,low,7,spaceship,,,30/09/2026 15:47
cd65278d-113a-4741-94fc-d1bef38f42e9,inhibition.black,available,27.99,64.99,high,low,10,namesilo,,,01/10/2026 02:41
0eb92343-d272-4c9c-ba1e-0bcb8997ea40,nell.black,available,50.2,50.2,medium,low,4,cloudflare,,,28/09/2026 07:53
3bc19695-7030-40dd-a72d-d58810ebb359,aphesis.black,available,17.48,82.98,medium,low,7,namecheap,,,19/09/2026 16:55
c508b74c-2679-4319-8923-8cf467e94f59,hoping.black,available,27.99,64.99,high,low,6,namesilo,,,25/09/2026 11:50
7721a823-f8a8-4643-9793-6f622b3a47ce,greenwing.black,available,27.99,64.99,medium,low,9,namesilo,,,19/09/2026 02:56
3b1c1f91-34d5-486b-bafd-d9a67d7fdc90,extravagant.black,available,15.73,51.95,high,low,11,spaceship,,,30/09/2026 03:34
26456409-4913-4da5-8c56-6a27ea0f19f6,banked.black,available,29.99,,medium,low,6,name.com,,,
b5c02869-ea0f-4f9c-92d3-dce1e458fdea,memories.black,available,27.99,64.99,medium,low,8,namesilo,,,25/09/2026 17:07
481bc4ab-0803-4d06-9d89-73c82b119349,resisted.black,available,50.2,50.2,medium,low,8,cloudflare,,,29/09/2026 16:36
dab0f3c1-4742-4478-a978-19575f5995e4,exhaustive.black,available,17.48,82.98,medium,low,10,namecheap,,,17/08/2026 17:08
f1bb5377-0f21-4597-9279-3ccdeaf7375f,koran.black,available,27.99,64.99,high,low,5,namesilo,,,18/09/2026 01:04
5f0e85c6-c601-4e27-887b-597c4d8f4c1c,favored.black,available,17.48,82.98,high,low,7,namecheap,,,22/09/2026 20:01
38e229d0-0bbd-4cba-8022-9f87db426d6b,sleeved.black,available,17.48,82.98,high,low,7,namecheap,,,10/09/2026 10:43
4e34eab8-964e-4cac-a7cc-405dbd005db7,them.black,available,27.99,64.99,high,low,4,namesilo,,,30/09/2026 22:25
b7d33dc0-94a2-4ef5-8da6-6d33290d3c7b,indentured.black,available,17.48,82.98,medium,low,10,namecheap,,,06/08/2026 08:34
beac6a77-b728-438a-a8a0-41b42fce0708,picture.black,available,27.99,64.99,high,low,7,namesilo,,,24/09/2026 16:54
1cc2e8a7-637d-4660-98f3-3eaa32303f0c,colourful.black,available,17.48,82.98,high,low,9,namecheap,,,12/08/2026 17:51
311060d2-6745-4fe4-92b5-6b428a98cbd9,csa.black,available,16.27,53.72,high,low,3,dynadot,,,27/09/2026 17:26
0728176f-991a-4f33-a6c4-3c974cf115ff,tailored.black,available,17.48,82.98,high,low,8,namecheap,,,09/08/2026 17:32
a1ae8026-f219-4e26-a5a8-2de1a62c7529,refers.black,available,17.48,82.98,medium,low,6,namecheap,,,29/09/2026 10:13
04ed27f4-e691-4eaa-95bf-bfa50c80e170,afrikaans.black,available,17.48,82.98,high,low,9,namecheap,,,
e12ac01b-9972-4ff8-9ce0-2c06272a5b69,refuses.black,available,17.48,82.98,low,low,7,namecheap,,,28/09/2026 09:00
d93f01aa-df76-4ea0-8d61-a75fb9bbb8dd,resent.black,available,16.27,53.72,high,low,6,dynadot,,,29/09/2026 20:46
2f0c97a0-4e70-4316-9099-04b8b86bff0f,outfitted.black,available,17.48,82.98,high,low,9,namecheap,,,04/09/2026 19:24
9038aff0-b120-42e4-8225-8c89c1a4cb73,longest.black,available,17.48,82.98,medium,low,7,namecheap,,,28/09/2026 16:14
19bd5ee2-3205-443d-8b50-98ae3bee31e7,ballpark.black,available,27.99,64.99,high,low,8,namesilo,,,19/09/2026 22:25
ba8acf3f-048d-4129-83a6-018e57a1413c,lp.black,premium,1000.5,1107,high,low,3,unstoppable,,,30/09/2026 01:45
b48dbee4-b4d0-4a3a-af27-893a11493478,recommending.black,available,15.73,51.95,medium,low,12,spaceship,,,30/09/2026 09:39
c5a83d7d-c364-4bdd-9806-7c7230ad4fac,bennett.black,premium,78.54,78.54,high,low,7,namesilo,,,23/09/2026 08:31
b677381e-3c55-4297-9a1d-e056085ce168,pint.black,available,17.48,82.98,medium,low,4,namecheap,,,29/09/2026 12:06
4541b2fc-67d3-4180-b976-a8a1a0c0aa3a,almaata.black,available,17.48,82.98,medium,low,8,namecheap,,,18/09/2026 12:23
374e1b1f-7ebd-45f7-980a-2f219548a5df,rhomboidal.black,available,17.48,82.98,medium,low,10,namecheap,,,09/09/2026 16:49
4ecfc882-95dc-41b4-8ed2-19bada461f0b,ignition.black,available,15.73,51.95,high,low,8,spaceship,,,28/09/2026 10:06
8596a0de-8a15-49df-b011-1eb1d528382f,consume.black,available,15.73,51.95,high,low,7,spaceship,,,29/09/2026 02:37
2c857447-b45f-4817-a9bc-78654edd48e9,gut.black,available,15.73,51.95,high,low,3,spaceship,,,28/09/2026 01:05
b16bcb16-c048-4c9f-a8cc-4d48282b82fc,magpie.black,available,27.99,64.99,high,low,6,namesilo,,,21/09/2026 12:29
b6d32d85-5ea1-41df-8da2-028fa7fc11f0,detecting.black,available,17.48,82.98,high,low,9,namecheap,,,29/09/2026 14:14
42ea122c-e1dc-499b-9824-184d5d40d4f5,paste.black,available,16.27,53.72,high,low,5,dynadot,,,29/09/2026 20:56
006ef2d1-dd96-4d60-8961-a49ac986cfe4,henan.black,available,17.48,82.98,medium,low,5,namecheap,,,29/09/2026 15:30
cafbdb80-eb27-41c8-95dc-64164e01c9e1,asterope.black,available,27.99,64.99,medium,low,8,namesilo,,,20/09/2026 17:16
9ac0ee58-363b-43f8-a101-befe5db0ce28,butter.black,available,27.99,64.99,high,low,6,namesilo,,,29/09/2026 05:32
4400fa69-4736-4612-99be-c5df7941a901,cleaner.black,available,17.48,82.98,high,low,7,namecheap,,,29/09/2026 09:54
352a5282-64e1-432c-af8a-56acf6a5fefe,owner.black,available,27.99,64.99,high,low,5,namesilo,,,25/09/2026 09:45
9ffdc316-e1f1-43a1-a75f-fd6f66b8cd8e,pal.black,available,27.99,64.99,high,medium,3,namesilo,,,29/09/2026 05:02
ad00f588-6da3-4fa0-89c5-24c224d7834c,townsite.black,available,50.2,50.2,high,low,8,cloudflare,,,30/09/2026 12:32
8250ce68-1cb8-496a-84e6-b632f023e897,horatio.black,available,15.73,51.95,medium,low,7,spaceship,,,28/09/2026 00:17
67500d57-d5db-4694-960e-7acb1838f69c,jolson.black,available,27.99,64.99,medium,low,6,namesilo,,,18/09/2026 01:21
495e7ce6-80e7-4695-a0fa-300080c2979e,namibian.black,available,17.48,82.98,high,low,8,namecheap,,,03/09/2026 12:58
df41cf48-6b79-472a-8e3c-8cee0603ceba,zygomatic.black,available,17.48,82.98,medium,low,9,namecheap,,,13/09/2026 15:39
f3273069-fb49-42fd-83e8-8facfd6f28e8,advance.black,available,17.48,82.98,high,low,7,namecheap,,,21/09/2026 20:22
4d99f60f-9bfb-4fa3-8480-22670b9274d7,grouch.black,available,17.48,82.98,medium,low,6,namecheap,,,13/08/2026 04:56
0b990627-71d3-4e2b-9941-0099d7503e5a,grenoble.black,available,50.2,50.2,medium,low,8,cloudflare,,,28/09/2026 19:22
6b7faeae-9bed-4919-9eee-61a4381f9c68,compliant.black,available,27.99,64.99,high,low,9,namesilo,,,23/09/2026 17:44
987f3794-af27-4889-b9b1-2f06213f9967,strasbourg.black,available,27.99,64.99,medium,low,10,namesilo,,,27/09/2026 15:59
a6c086c3-e4f8-4370-9df3-9f7fcbc9951b,charms.black,available,27.99,64.99,medium,low,6,namesilo,,,29/09/2026 10:30
ec0c4ee6-9ad5-4b41-9e47-fc113623f5bc,fame.black,available,15.73,51.95,high,low,4,spaceship,,,28/09/2026 07:34
4c7f7687-75c6-44f4-ae53-8678f2425bfb,offhand.black,available,17.48,82.98,medium,low,7,namecheap,,,
7a5b1244-de93-4a3d-9f21-c4677320f147,xanthous.black,available,17.48,82.98,medium,low,8,namecheap,,,13/09/2026 14:00
adc94ba9-ddac-4680-96ea-2ac4d8576900,filtering.black,available,15.73,51.95,high,low,9,spaceship,,,30/09/2026 23:23
6be9829f-fecd-419d-a039-5cb05d10e088,failure.black,available,27.99,64.99,high,low,7,namesilo,,,25/09/2026 22:41
408b7cf6-e69e-45e0-8d46-f7dcb50b6458,gaunt.black,available,17.48,82.98,medium,low,5,namecheap,,,10/08/2026 18:54
43ba2125-9beb-4ec0-810e-4b70e0b5d2d5,yorktown.black,available,15.73,51.95,medium,low,8,spaceship,,,28/09/2026 10:55
462ae4cd-0231-4d65-8a33-97192fc1c259,mayfield.black,available,15.73,51.95,medium,low,8,spaceship,,,28/09/2026 12:21
89284f3b-492b-4e8e-9483-05fbc6a547ec,hike.black,available,27.99,64.99,high,low,4,namesilo,,,24/09/2026 07:18
55d5cfa5-bcc4-4201-a1df-352addbd26df,whirlwind.black,available,26.5,,high,low,9,unstoppable,,,30/09/2026 19:05
d43a5216-9e94-4622-a3c7-ed488d4c7ed3,hungerford.black,available,27.99,64.99,medium,low,10,namesilo,,,30/09/2026 15:42
be567a3f-ff2a-44d6-880b-b777b47883ee,porcelain.black,available,15.73,51.95,high,low,9,spaceship,,,29/09/2026 13:43
bc7266f0-e958-4136-a38b-8a2c3643d62f,prodigy.black,available,27.99,64.99,high,low,7,namesilo,,,27/09/2026 07:16
063ddee0-33f6-4c20-8f31-fe70e99fe3c9,mckenna.black,available,15.96,52.01,high,low,7,porkbun,,,27/09/2026 19:59
a1cbbb1c-6e00-4323-9136-12750bd6ecd2,aesthesia.black,available,27.99,64.99,medium,low,9,namesilo,,,17/09/2026 13:26
b7b80396-bc6d-4485-94b7-549948721b01,maureen.black,available,15.73,51.95,medium,low,7,spaceship,,,27/09/2026 19:11
fd058445-634f-4231-aa1e-25a8fa53e7b0,trained.black,available,15.73,51.95,high,low,7,spaceship,,,28/09/2026 09:30
383ffa37-10e5-41c0-9d44-e00c46c88707,haircuts.black,available,27.99,64.99,medium,low,8,namesilo,,,21/09/2026 07:16
e43aeeea-5dfb-4e05-9872-d4062f85ff62,wedded.black,available,17.48,82.98,high,low,6,namecheap,,,13/09/2026 09:30
bea4557e-74c0-4ebf-b3f2-8070d00e4ab1,injustice.black,available,27.99,64.99,medium,low,9,namesilo,,,28/09/2026 14:31
7f3008da-830a-4111-a1f8-f3174a004cbd,knuckles.black,available,26.5,,medium,low,8,unstoppable,,,30/09/2026 00:51
415fd1e2-cc9e-4544-b418-3411e9d05500,sore.black,available,17.48,82.98,high,low,4,namecheap,,,
e78a87e0-2aa9-4ba0-ac32-69319bbd8bad,yates.black,available,27.99,64.99,high,low,5,namesilo,,,25/09/2026 16:03
37638481-8e4d-4ce7-b65d-c086ec1a17b3,antagonist.black,available,27.99,64.99,high,low,10,namesilo,,,17/09/2026 10:48
a5121830-b5c2-4b24-8083-71a23bce2c76,beany.black,available,17.48,82.98,medium,low,5,namecheap,,,22/09/2026 20:33
9ea710de-5ed3-4526-9d7a-789c187b9256,ashore.black,available,17.48,82.98,medium,low,6,namecheap,,,13/09/2026 22:07
a175264b-65b1-452f-b641-6389a0b56ae1,ammonium.black,available,27.99,64.99,high,low,8,namesilo,,,18/09/2026 22:10
6bdc42e5-8ff4-4302-8a2e-aef1f0414f42,assur.black,available,27.99,64.99,medium,low,5,namesilo,,,20/09/2026 16:41
c4233ca4-09dc-4f4f-a9ca-c3f315d2b4ce,arundo.black,available,27.99,64.99,medium,low,6,namesilo,,,20/09/2026 12:25
78c8ee05-2d7b-48ea-ae29-dcbcbfc19d4f,voters.black,available,26.5,,medium,low,6,unstoppable,,,29/09/2026 10:41
ec422cfc-802e-49c9-8a08-bfe37df26e5c,temptable.black,available,17.48,82.98,medium,low,9,namecheap,,,11/09/2026 11:04
8eecc6fc-ea51-4712-a1a1-5b71796c65d1,epistemic.black,available,17.48,82.98,medium,low,9,namecheap,,,17/08/2026 11:13
4fd9661a-59e4-460d-9a96-d57cdb32832a,apt.black,available,27.99,64.99,high,low,3,namesilo,,,22/09/2026 07:23
fafad9f5-8bcb-4c05-9611-a524fbe7ee8b,divorced.black,available,17.48,82.98,medium,low,8,namecheap,,,14/08/2026 14:01
28f6084a-9303-4080-94ce-c4e5000a7e60,again.black,available,26.5,,medium,low,5,unstoppable,,,28/09/2026 11:49
8a69008a-edef-4e1b-aeaf-62c73c4480f7,thrill.black,available,26.5,,high,low,6,unstoppable,,,28/09/2026 05:48
1372990f-1dc4-4e8f-ab70-0a6f82871b09,vanderbilt.black,available,27.99,64.99,high,low,10,namesilo,,,25/09/2026 04:24
a14db867-5790-4c8a-9e0f-d2da6ef74037,paycheck.black,available,26.5,,high,low,8,unstoppable,,,30/09/2026 10:49
4b2ae487-ebd0-44e6-a9f7-48f83df6c58f,outraged.black,available,17.48,82.98,medium,low,8,namecheap,,,22/08/2026 01:03
bdb643fb-ef22-4f4a-b4fe-ea78b1658ce3,addison.black,premium,78.54,78.54,medium,low,7,namesilo,,,29/09/2026 23:23
ce11e233-2b61-4240-85cf-10e7dd277acf,wrongdoing.black,available,27.99,64.99,medium,low,10,namesilo,,,17/09/2026 05:25
3ed57d35-0a19-4042-96ce-279b689e90b4,unstressed.black,available,17.48,82.98,medium,low,10,namecheap,,,12/09/2026 20:37
5a934b03-9f36-401a-b506-94e1c34735dd,gentile.black,available,17.48,82.98,high,low,7,namecheap,,,18/08/2026 21:53
e848bcac-5bdf-4d1d-beb1-e9e983d2fce9,sacrifices.black,available,26.5,,low,low,10,unstoppable,,,28/09/2026 17:47
6e679787-9461-4517-9862-1d1cabb9e1bf,donald.black,premium,85.8,85.8,high,low,6,namecheap,,,25/09/2026 18:48
d01e675e-8ba8-4d08-a16d-8373d6680f95,bunch.black,available,27.99,64.99,high,low,5,namesilo,,,29/09/2026 05:23
cfaf8bc8-a428-495d-9933-eda0d8aa25a1,anchovy.black,available,27.99,64.99,high,low,7,namesilo,,,19/09/2026 03:46
07022537-6244-45cf-ab2e-a1836611a692,dekker.black,available,16.27,53.72,high,low,6,dynadot,,,29/09/2026 18:35
2372c79c-99ea-4083-b972-40ed87e270bc,immigrants.black,available,17.48,82.98,medium,low,10,namecheap,,,29/09/2026 17:14
9fb6f388-d087-4bba-bcc4-ba3d62bedf49,hayley.black,premium,78.54,78.54,high,low,6,namesilo,,,30/09/2026 13:14
d652e49e-d2d9-49f6-9636-8b9bcc1c935d,landwards.black,available,17.48,82.98,medium,low,9,namecheap,,,15/09/2026 10:41
cb972916-80fa-43ce-b76f-df6a3c8b9d57,aerial.black,available,17.48,82.98,high,low,6,namecheap,,,
b6930d52-bd1f-4bb4-b696-e7733160e468,teen.black,available,17.48,82.98,high,low,4,namecheap,,,21/09/2026 19:11
71e8f00f-4585-4a39-baa0-15a6482953ad,kowloon.black,available,26.5,,medium,low,7,unstoppable,,,30/09/2026 05:19
2f0336cc-6e9b-4dc1-a3a4-1a34e6af78ca,owners.black,available,16.27,53.72,medium,low,6,dynadot,,,28/09/2026 08:43
0f7fc1d7-59f0-4e59-b2a9-7a5c60a03087,lexically.black,available,17.48,82.98,medium,low,9,namecheap,,,15/09/2026 11:16
116c6c5a-f3bc-4023-9e13-4079d8fffe35,friedrich.black,available,17.48,82.98,high,low,9,namecheap,,,25/09/2026 18:50
5ee3dec1-cf6f-45e9-8924-3a6e23814cd8,nil.black,available,17.48,82.98,high,low,3,namecheap,,,03/09/2026 22:28
765cc41f-0f8b-48b3-b28b-d9ea9249185f,geriatric.black,available,17.48,82.98,medium,low,9,namecheap,,,18/08/2026 22:42
8fc8d69d-9bab-4ccb-a80e-614ce4949ec6,murphy.black,available,27.99,64.99,high,low,6,namesilo,,,25/09/2026 07:49
855ed21c-ebc7-40f1-ac45-a80190533350,etched.black,available,17.48,82.98,high,low,6,namecheap,,,17/08/2026 07:41
7d67254d-d07a-49cd-bc46-98f338febd3c,exploits.black,available,27.99,64.99,medium,low,8,namesilo,,,30/09/2026 15:37
3f37c6be-3241-4830-a166-87558ac07865,clumsy.black,available,27.99,64.99,medium,low,6,namesilo,,,23/09/2026 11:20
f4dfc0f0-55fd-439c-bc2b-940700b1ed2a,arity.black,available,27.99,64.99,high,low,5,namesilo,,,20/09/2026 06:02
97086bd7-564f-41c3-9579-0647a7feda87,arcsecond.black,available,27.99,64.99,medium,low,9,namesilo,,,20/09/2026 02:41
771010f7-9e44-4d19-85c9-b9267c6d3df4,constitutes.black,available,27.99,64.99,low,low,11,namesilo,,,30/09/2026 00:12
b5db2859-daa1-4962-95fb-eeada34988bc,ants.black,available,17.48,82.98,medium,low,4,namecheap,,,28/09/2026 00:08
a31f7ae1-c9a6-467a-acc4-9777b8ce726b,fears.black,available,17.48,82.98,medium,low,5,namecheap,,,27/09/2026 08:58
f5941599-fe1b-419c-ae34-761d457f2bd4,dipper.black,available,27.99,64.99,high,low,6,namesilo,,,23/09/2026 14:29
6a53429c-90d9-4093-8a17-d4b06756e7c0,mona.black,premium,78.54,78.54,high,low,4,namesilo,,,19/09/2026 06:28
4844cd0d-0966-4645-883d-436d73ff3b82,cantabile.black,available,17.48,82.98,high,low,9,namecheap,,,11/08/2026 17:38
59d5ae6a-7a0a-4b87-b8c3-9bf5be5f9642,glibly.black,available,17.48,82.98,medium,low,6,namecheap,,,14/09/2026 21:34
2e4847f3-c1d2-402c-9940-8bf55fdf8d6a,searches.black,available,17.48,82.98,medium,low,8,namecheap,,,20/09/2026 07:30
52fa3364-da9b-4d94-962a-2b00309f30a1,tracing.black,available,15.96,52.01,high,low,7,porkbun,,,30/09/2026 13:25
78dd6c87-38b0-446a-a86a-0144a6e749b5,majesty.black,available,27.99,64.99,medium,low,7,namesilo,,,27/09/2026 04:40
3b64c3be-e3da-4783-bd68-f025c481fcf8,gaylord.black,available,50.2,50.2,high,low,7,cloudflare,,,29/09/2026 03:38
45952e39-344b-4e97-8161-6027711cb100,shovel.black,available,26.5,,high,low,6,unstoppable,,,28/09/2026 15:04
4ed0beea-a22f-4c8c-87fd-5a4fceccc9fb,prosily.black,available,17.48,82.98,low,low,7,namecheap,,,15/09/2026 21:46
04b5ac18-a3ac-4e4a-9a8d-93c4a534336d,abdomen.black,available,27.99,64.99,high,low,7,namesilo,,,16/09/2026 14:45
c0b77947-850f-4dc0-91da-b096f242b3e9,result.black,available,15.73,51.95,high,low,6,spaceship,,,29/09/2026 11:11
6f7f7ed1-12ee-4a18-8521-159bcd0d84e5,everyone.black,available,26.5,,high,low,8,unstoppable,,,30/09/2026 23:15
e341f245-d571-4f4c-91fc-3b7b95554153,upwards.black,available,26.5,,medium,low,7,unstoppable,,,28/09/2026 09:52
f8b4c2cd-950f-4cd8-8473-8febe5d768a6,athletic.black,available,17.48,82.98,high,low,8,namecheap,,,21/09/2026 16:12
e0a0b740-fc07-4799-92c3-e4f3f76f961d,medieval.black,premium,78.54,78.54,high,low,8,namesilo,,,12/08/2026 06:12
b7006a12-461a-449c-8553-32ff21e18c55,underwear.black,available,15.73,51.95,high,low,9,spaceship,,,30/09/2026 14:15
ef84ddb1-05d8-4739-b2da-71c1859f36fe,glace.black,available,17.48,82.98,medium,low,5,namecheap,,,13/08/2026 09:46
f31a1ec0-0de8-4544-b890-017b4ca089d9,hillsdale.black,available,27.99,64.99,medium,low,9,namesilo,,,29/09/2026 22:46
ca5f9281-6cbe-4ff4-b5a2-6a70e6cd22a6,barish.black,available,17.48,82.98,medium,low,6,namecheap,,,22/09/2026 06:05
9b25f8c4-ef25-4043-82da-88a8087588f2,acceptor.black,available,27.99,64.99,high,low,8,namesilo,,,16/09/2026 22:02
40cc5a13-c0fd-4d95-9ea5-13f82209f162,booming.black,available,17.48,82.98,high,low,7,namecheap,,,10/08/2026 19:14
dac1503a-6dd4-41e1-8234-00db91db2be0,entrant.black,available,17.48,82.98,medium,low,7,namecheap,,,18/08/2026 07:36
3896146c-98ad-4cbe-b311-db147854f6df,mauldin.black,available,27.99,64.99,medium,low,7,namesilo,,,23/09/2026 16:01
f7d23dd1-b507-4ae7-86d8-9416fbe29295,verboten.black,available,17.48,82.98,medium,low,8,namecheap,,,18/08/2026 11:06
65ee571d-fdaa-4e4c-a585-1962129d4662,disinfection.black,available,27.99,64.99,high,low,12,namesilo,,,17/09/2026 16:37
3fdcc08c-1578-4ff3-b768-50dab1a0e1d1,impressions.black,available,27.99,64.99,medium,low,11,namesilo,,,28/09/2026 23:21
84e508b8-4aa5-416a-98c9-2d08ed5dc66d,amorist.black,available,27.99,64.99,medium,low,7,namesilo,,,18/09/2026 22:43
343f43b3-fd29-4af0-a221-ef4c6d5c0d79,spells.black,premium,517.7,517.7,medium,low,6,spaceship,,,28/09/2026 08:59
5fe045bd-4f9e-4301-a3c6-05fa8f05587b,alpha.black,resell,,,high,medium,5,Dynadot Inc,26/01/2026 17:00,26/01/2027 17:00,26/09/2026 03:49
65ebcfee-52fa-4f16-a590-6cd485b9e454,bianca.black,premium,68.51,68.51,medium,low,6,spaceship,,,28/09/2026 17:40
2a71b92c-dcdb-4d4d-b292-ddbbc81e17eb,geology.black,available,27.99,64.99,high,low,7,namesilo,,,29/09/2026 07:05
36ffcc2f-807a-4db0-a82b-2c02ad5fdaea,calamus.black,available,27.99,64.99,medium,low,7,namesilo,,,17/09/2026 02:27
ed2d496b-743e-4a3a-bf70-c4b266fcba96,perplexed.black,available,17.48,82.98,medium,low,9,namecheap,,,08/09/2026 17:56
44d02f40-acb3-408f-9d96-d1d149cb5f2e,frilly.black,available,17.48,82.98,high,low,6,namecheap,,,18/08/2026 15:51
85aec373-8dc7-4fe5-9b56-4facadc1fa06,affirmation.black,available,27.99,64.99,high,low,11,namesilo,,,16/09/2026 08:52
2811462d-651d-4653-b7b1-1c219c62c09b,washy.black,available,17.48,82.98,medium,low,5,namecheap,,,10/08/2026 13:56
16a940b9-ef2c-4eee-b859-08fc688930e4,indictment.black,available,29.99,88.49,medium,low,10,name.com,,,23/09/2026 16:05
1de0b896-c614-4db5-bec4-b5fb108ecf5b,sterope.black,available,17.48,82.98,low,low,7,namecheap,,,20/09/2026 17:14
7386916c-33d7-42ac-9907-9a91d21a6fd6,rampantly.black,available,17.48,82.98,medium,low,9,namecheap,,,13/09/2026 11:58
16ac4adc-1719-4855-880c-603307acab00,remark.black,available,15.96,52.01,high,low,6,porkbun,,,28/09/2026 09:26
b4a72698-7eac-4cba-93cd-0c26e770ec1a,stevenson.black,available,27.99,64.99,high,low,9,namesilo,,,17/09/2026 08:37
3bfb4f1d-ae7f-4d33-9605-0e305e91f584,pergamon.black,available,27.99,64.99,medium,low,8,namesilo,,,29/09/2026 22:24
b9b185dd-8a6a-4eaf-81a0-e24d0403fdfe,opportunities.black,available,50.2,50.2,medium,low,13,cloudflare,,,28/09/2026 08:42
825237a7-47b1-4291-bfca-07be745aac69,nobble.black,available,17.48,82.98,medium,low,6,namecheap,,,14/09/2026 07:56
2afa231f-ed5b-4d12-8b14-eeff00088f7d,pervasive.black,available,17.48,82.98,high,low,9,namecheap,,,08/09/2026 17:44
8edddb6e-6528-4238-b566-f307e59e98b1,satellites.black,premium,625,,medium,low,10,name.com,,,
9693b8ce-ad84-4bff-b294-cff8bd4c2730,punily.black,available,17.48,82.98,low,low,6,namecheap,,,15/09/2026 22:01
94d939ba-386c-4462-ae16-e2b7a96dad69,peeking.black,available,29.99,,high,low,7,name.com,,,
a0dad6f6-a4f6-4838-afec-9b07c15e7ac0,startled.black,available,17.48,82.98,medium,low,8,namecheap,,,10/09/2026 19:00
cb16603b-acd1-44b8-93ee-c38b419e6d13,unsexy.black,available,17.48,82.98,medium,low,6,namecheap,,,12/09/2026 19:23
ea21e709-2ea6-4aa2-8202-d238083a4d2d,effected.black,available,17.48,82.98,medium,low,8,namecheap,,,15/08/2026 14:18
b9a40094-fb04-4dd2-914b-82e78db16dd4,lapse.black,available,17.48,82.98,high,low,5,namecheap,,,27/09/2026 14:20
69a01e91-f316-40bb-91f4-ac0b01daa86a,panchayat.black,available,26.5,,high,low,9,unstoppable,,,30/09/2026 02:26
2200cfbe-0a19-4710-b9cc-610229c407f5,toscanini.black,available,27.99,64.99,medium,low,9,namesilo,,,20/09/2026 12:05
a2a02c9f-4fda-4d32-9787-7792fc09c6b8,domesticated.black,available,15.73,51.95,high,low,12,spaceship,,,30/09/2026 19:43
4c0eca1e-01a1-4cca-9d55-ee1695b0fc2c,piglet.black,available,27.99,64.99,high,low,6,namesilo,,,19/09/2026 22:30
a540e6cd-339f-458b-a804-1ce66118c6f5,blush.black,available,17.48,82.98,high,low,5,namecheap,,,13/08/2026 06:32
e7d4c0e5-1960-4aac-b298-60193440a0fe,hangdog.black,available,17.48,82.98,medium,low,7,namecheap,,,20/08/2026 23:41
fb13c799-1fcd-4016-ae6f-0734b4c8adb5,staffordshire.black,available,50.2,50.2,medium,low,13,cloudflare,,,28/09/2026 11:53
1f5fd91c-92d3-4505-8f9f-56bc282c16ec,manage.black,available,27.99,64.99,high,medium,6,namesilo,,,28/09/2026 06:55
3d88e268-4309-4b2d-8bef-a0f96025890d,designers.black,premium,640,640,high,low,9,namesilo,,,29/09/2026 12:09
c45a2375-bf7c-4386-9a20-2554aac68f53,lan.black,available,17.48,82.98,high,low,3,namecheap,,,30/09/2026 02:02
38aca669-218f-48d9-a78e-4106c0044294,ounce.black,available,15.73,51.95,high,low,5,spaceship,,,28/09/2026 21:44
a81034c7-b934-4b6c-be97-f47a623ab86b,scarlet.black,available,17.48,82.98,high,low,7,namecheap,,,10/08/2026 15:12
53afdffa-c069-404e-8104-b3eb849970ed,markovian.black,available,17.48,82.98,medium,low,9,namecheap,,,24/08/2026 16:06
42c891c5-28f4-4af5-b83a-6dc0478fb401,arulo.black,available,17.48,82.98,medium,low,5,namecheap,,,20/09/2026 12:11
61cd7ad9-98c7-4ff8-b299-a3be2a7eda75,bradstreet.black,available,27.99,64.99,medium,low,10,namesilo,,,19/09/2026 10:16
5ff20ef6-9293-4116-a7fe-e6e6e7efa1c2,fiendish.black,available,17.48,82.98,medium,low,8,namecheap,,,14/08/2026 01:31
993f51e3-0f2e-4a49-8918-8f029fa099ae,separating.black,available,27.99,64.99,high,low,10,namesilo,,,29/09/2026 08:48
7f43fd32-b827-4ed1-888f-89bf141165b7,hates.black,available,50.2,50.2,low,low,5,cloudflare,,,27/09/2026 23:03
891ac3f3-a871-461e-99d2-189db4919a44,valdez.black,available,15.73,51.95,medium,low,6,spaceship,,,28/09/2026 20:43
9b88d339-9f17-466d-be1e-5c2864ac5583,smartly.black,available,17.48,82.98,high,low,7,namecheap,,,28/09/2026 13:57
3741d655-5fe3-4453-881f-c04815faaab5,lifted.black,available,17.48,82.98,high,low,6,namecheap,,,23/08/2026 02:39
6d3fb4dc-4716-49a4-bd50-6bda55060d92,elbow.black,available,27.99,64.99,high,low,5,namesilo,,,20/09/2026 11:23
dac2c610-7ef1-4988-9bbb-52947dc7c32e,fireplace.black,available,15.73,51.95,high,low,9,spaceship,,,28/09/2026 14:11
dc26e219-a609-4ce0-882d-d90dc31af999,wondered.black,available,29.99,,high,low,8,name.com,,,
f4693385-3a5f-4340-a0ca-64f4385fe469,weighty.black,available,17.48,82.98,medium,low,7,namecheap,,,12/08/2026 15:37
a2e117de-d784-48fe-a1c8-484207bb1cb8,beneath.black,available,15.73,51.95,medium,low,7,spaceship,,,28/09/2026 12:25
6c99021c-1418-44c7-9723-0b108ad2dc90,barcelona.black,available,27.99,64.99,high,low,9,namesilo,,,22/09/2026 05:08
54af9a25-bcfd-4308-b7f2-5fbcca2f4b58,ebola.black,available,17.48,82.98,medium,low,5,namecheap,,,30/09/2026 17:06
07fbc3db-6a63-44a5-9574-fec28b29a6e8,citrus.black,available,26.5,,high,low,6,unstoppable,,,30/09/2026 01:03
8fe8d04c-70a0-4990-8901-2646427ac940,fourier.black,available,27.99,64.99,medium,low,7,namesilo,,,22/09/2026 07:13
8475e58e-cc65-4696-9008-fad3f1e60eb8,shifts.black,available,26.5,,medium,low,6,unstoppable,,,28/09/2026 09:05
7057c1f7-208d-483c-8bf4-870acc6de267,relates.black,available,27.99,64.99,medium,low,7,namesilo,,,01/10/2026 00:18
017e6d2e-ea4c-4a68-9e48-343c82cf5a83,loser.black,available,27.99,64.99,medium,low,5,namesilo,,,18/09/2026 14:19
361123a0-a2c3-4b7b-af12-5ae1eaa78127,throttle.black,available,17.48,82.98,high,low,8,namecheap,,,16/09/2026 21:47
4cbbfcc1-a78b-4282-93d4-f3bc13b8d3f2,flap.black,available,27.99,64.99,high,low,4,namesilo,,,24/09/2026 23:15
f45c3345-9742-4f91-a6d7-89a5946dea49,courtroom.black,available,26.5,,high,low,9,unstoppable,,,29/09/2026 11:50
0b429b6d-63b6-4cf4-99a4-60db0add921b,bastard.black,available,17.48,82.98,medium,low,7,namecheap,,,08/08/2026 23:19
c1207858-41ca-4e5e-a87d-dbc9a9a1a90a,mummy.black,premium,78.54,78.54,high,low,5,namesilo,,,28/09/2026 10:18
9905367d-4469-4e56-8d2d-463f447e6ecf,corpus.black,available,15.73,51.95,high,low,6,spaceship,,,30/09/2026 16:48
b753fdff-5a31-4b94-96d3-aae614a0db02,dorian.black,premium,625,625,high,low,6,name.com,,,14/08/2026 16:11
89c42ffe-9ec1-41ea-81aa-5d98dac7fb4d,miles.black,premium,88.49,82.5,high,low,5,name.com,,,25/09/2026 17:17
31bc53a4-5b85-48f9-b718-77356285a60b,phoney.black,available,17.48,82.98,medium,low,6,namecheap,,,08/08/2026 23:14
27d1f1f2-db19-44ed-ac4f-b341cbe1a802,automat.black,available,17.48,82.98,high,low,7,namecheap,,,21/09/2026 06:52
dcacb58a-503b-41bb-9c6c-6d13425977b8,pushup.black,available,29.99,,high,low,7,name.com,,,
124b88be-a69d-4916-9f6b-eeabd38892c9,kepler.black,available,27.99,64.99,medium,low,6,namesilo,,,29/09/2026 01:24
5bd3249c-10e8-4db3-b6f5-67329a93d1ca,complication.black,available,27.99,64.99,medium,low,12,namesilo,,,29/09/2026 23:25
5bf9a147-abf1-4732-83a5-5a86ec267aca,consoling.black,available,17.48,82.98,high,low,9,namecheap,,,12/08/2026 22:42
dc312786-5981-4605-b16e-5b26f84d27d3,paean.black,available,17.48,82.98,high,low,5,namecheap,,,05/09/2026 00:45
77206d20-f962-4db3-b997-1d505d625ed0,haircut.black,available,15.73,51.95,high,low,7,spaceship,,,29/09/2026 21:56
506f129b-22de-46ea-8053-f3b37707b2c1,remindful.black,available,17.48,82.98,medium,low,9,namecheap,,,17/08/2026 15:18
2ac7b18d-cdf4-4664-bdbe-0705f741c5cf,convictions.black,available,27.99,64.99,low,low,11,namesilo,,,29/09/2026 04:50
fa90f2a2-8db7-4de3-807c-79466823ed58,grants.black,available,17.48,82.98,high,low,6,namecheap,,,29/09/2026 09:56
f3feda7b-80dd-4ff6-a4e8-d09d4f71f9b0,apartment.black,available,17.48,82.98,high,low,9,namecheap,,,19/09/2026 16:17
d7ff9f9e-ef87-42b1-8e1c-af9c4ce96682,dismiss.black,available,15.73,51.95,high,low,7,spaceship,,,29/09/2026 15:34
f4cb500c-4762-4d94-9dc6-1bc59e1a08f7,anaclitic.black,available,17.48,82.98,medium,low,9,namecheap,,,
ca0ee1b5-f656-49ea-9c59-81b4891b60d3,acapnia.black,available,17.48,82.98,medium,low,7,namecheap,,,16/09/2026 21:08
b0db919a-b4ea-42b9-8b0a-236452da244c,converges.black,available,27.99,64.99,medium,low,9,namesilo,,,29/09/2026 11:40
ffcaa3a5-2d5f-43af-add2-6c84f00a6d8b,beleaguer.black,available,27.99,64.99,medium,low,9,namesilo,,,21/09/2026 17:03
7b472dab-f90f-47b3-8922-c00ad03c5c89,auschwitz.black,available,27.99,64.99,medium,low,9,namesilo,,,21/09/2026 04:35
f59b89d2-3016-467a-8f34-2bbb2b5c6f64,barnburner.black,available,17.48,82.98,medium,low,10,namecheap,,,22/09/2026 06:49
a9656aea-a3bb-4788-bced-49de13ba2751,taleteller.black,available,17.48,82.98,medium,low,10,namecheap,,,11/09/2026 10:32
00aed2b7-fadf-4fae-a044-f8350880a298,quebecois.black,available,17.48,82.98,medium,low,9,namecheap,,,09/09/2026 07:48
e0f6ceba-0c3d-40e0-806e-c0d5ccf4e865,wrenching.black,available,17.48,82.98,medium,low,9,namecheap,,,09/09/2026 09:27
052d6dd6-9c12-4ce4-8957-2e8b54847187,nihilist.black,available,27.99,64.99,medium,low,8,namesilo,,,19/09/2026 02:26
dcbcfc7b-1a45-4d0a-b715-2589438426f8,danube.black,available,15.73,51.95,high,low,6,spaceship,,,01/10/2026 01:40
20eadb76-d97c-466f-a352-2ad9e313cce3,advertisements.black,available,29.99,,medium,low,14,name.com,,,
e6b663a8-befe-4983-a352-45711b881b9e,comedians.black,available,17.48,82.98,medium,low,9,namecheap,,,19/09/2026 23:33
f0740d22-613b-4c51-8f95-5ecb6e4f9788,northward.black,available,17.48,82.98,high,low,9,namecheap,,,03/09/2026 21:27
4ad4d06b-cee1-449c-b7be-9b1e086a3856,colossal.black,available,17.48,82.98,high,low,8,namecheap,,,12/08/2026 17:57
bbee7d04-f6d7-4e61-a921-dcedfc5b03cf,tree.black,available,50.2,50.2,high,medium,4,cloudflare,,,30/09/2026 11:12
c79b4fdc-dd22-4ae9-9808-e44dd6abf881,fireworks.black,available,27.99,64.99,high,low,9,namesilo,,,27/09/2026 21:35
c1df8975-4508-43e8-9dbe-5f4b22f4fcea,liverpool.black,available,26.5,,high,low,9,unstoppable,,,29/09/2026 07:29
f32e9500-80e3-4727-a4d6-396fef39c0f6,accipiter.black,available,27.99,64.99,medium,low,9,namesilo,,,16/09/2026 22:29
e4ba5ab0-1180-45ab-891a-2472606763ee,canonic.black,available,17.48,82.98,medium,low,7,namecheap,,,11/08/2026 17:22
2aafca97-9bc4-43f8-ac61-9a6946f56c19,modesto.black,available,50.2,50.2,medium,low,7,cloudflare,,,29/09/2026 15:37
bf34f319-1bef-4a78-9431-b975315afad0,musty.black,available,17.48,82.98,medium,low,5,namecheap,,,18/08/2026 16:44
eb330ac1-3f2c-41ae-bb65-9da08a697e09,powdered.black,available,27.99,64.99,medium,low,8,namesilo,,,19/09/2026 15:51
edc623f0-7fcc-468f-8e8c-25715347746d,emptied.black,available,15.73,51.95,medium,low,7,spaceship,,,01/10/2026 00:20
87bbe8aa-5725-4413-ad51-47074e2055a0,ferris.black,available,27.99,64.99,medium,low,6,namesilo,,,28/09/2026 22:04
99c36994-9653-4922-b459-05bdb49b6b76,interrogation.black,available,27.99,64.99,medium,low,13,namesilo,,,28/09/2026 08:22
047a8053-a02c-4a1f-9915-a2f70e439f07,potbellied.black,available,17.48,82.98,medium,low,10,namecheap,,,
f307e74c-ecd2-4664-ad2d-f35a0efd9d82,tomatoes.black,available,26.5,,medium,low,8,unstoppable,,,28/09/2026 12:33
c5dd36b1-4a03-4c7a-a9ed-c62c067cd25b,basiliscus.black,available,27.99,64.99,medium,low,10,namesilo,,,22/09/2026 10:53
323370a7-bfdb-4d45-95de-3bfa1be39a24,sedgy.black,available,17.48,82.98,medium,low,5,namecheap,,,10/09/2026 01:38
997471b8-5ed4-44f6-9438-e70cc53be1b4,irani.black,available,17.48,82.98,high,low,5,namecheap,,,22/08/2026 09:42
bd9194a2-4058-40a9-a5a8-9d1b96eb3738,palpably.black,available,17.48,82.98,medium,low,8,namecheap,,,15/09/2026 18:55
c421c93e-9ad1-4d8c-9f8d-9c1316d96a70,stilted.black,available,17.48,82.98,medium,low,7,namecheap,,,10/09/2026 20:37
bafc4f18-1e47-4a9d-9b74-ee089d5296ec,narrow.black,available,17.48,82.98,high,low,6,namecheap,,,03/09/2026 13:22
c4f76b62-a3e3-4e05-adb7-0b9bd7d4a037,mug.black,available,27.99,64.99,high,low,3,namesilo,,,24/09/2026 14:58
606b929b-2180-4eb6-b081-1df95550f4e5,saudi.black,available,17.48,82.98,high,low,5,namecheap,,,09/09/2026 21:58
837bd64e-0acc-4a4f-ad50-b2079b86aedf,hangover.black,available,17.48,82.98,high,low,9,namecheap,,,30/09/2026 01:50
1936f44d-b969-4275-bf6b-ce35964d0b29,programmer.black,available,27.99,64.99,high,low,10,namesilo,,,29/09/2026 06:24
ec289750-f36a-4a10-bd49-d9f034255615,grounded.black,available,27.99,64.99,high,low,8,namesilo,,,27/09/2026 06:36
a445bc61-fc68-4f7e-a44d-c92f6c41cd8d,acrogen.black,available,27.99,64.99,medium,low,7,namesilo,,,17/09/2026 03:44
75e380e1-a121-406f-9641-66bb3d0049f0,humoring.black,available,17.48,82.98,high,low,8,namecheap,,,05/09/2026 00:31
d7015d94-c475-4eea-b59e-64e926c9b8cf,balsamic.black,available,27.99,64.99,high,low,8,namesilo,,,22/09/2026 16:34
855477a1-3710-42e5-8773-733c5d49d97b,denial.black,available,27.99,64.99,high,low,6,namesilo,,,29/09/2026 13:58
3e5f39ce-c552-40cf-bdcb-81b6cff4b747,hypaethral.black,available,17.48,82.98,medium,low,10,namecheap,,,21/08/2026 16:39
f412fa12-82af-49b5-8e73-60c9154f1e3a,complexion.black,available,17.48,82.98,high,low,10,namecheap,,,30/09/2026 16:45
5026239f-33a0-4b5d-acb6-c0040b8f6207,ignacio.black,available,15.73,51.95,medium,low,7,spaceship,,,28/09/2026 08:56
b702df96-c702-43ad-8402-9a88916a2293,deciding.black,available,17.48,82.98,high,low,8,namecheap,,,13/08/2026 21:23
60cc48cd-1e4f-4ddb-8fb3-c961bbf02096,sudanese.black,available,17.48,82.98,high,low,8,namecheap,,,11/09/2026 01:05
20edd7fb-2f2e-4bca-84da-0ee21b9add4d,granitic.black,available,17.48,82.98,medium,low,8,namecheap,,,18/08/2026 08:22
91ecb1c3-f287-4be0-81b7-19b12031c691,outskirts.black,available,26.5,,high,low,9,unstoppable,,,29/09/2026 19:53
4d494944-717b-4b48-aa37-52878ccc4730,glacier.black,available,15.73,51.95,high,low,7,spaceship,,,29/09/2026 19:03
ef0b70e7-9dbc-4ee9-af45-74ae223275b9,experiences.black,available,27.99,64.99,medium,low,11,namesilo,,,28/09/2026 04:46
de2f825e-5080-4f1e-b75d-d164ccbe8418,dissimilar.black,available,17.48,82.98,medium,low,10,namecheap,,,14/08/2026 12:48
8d3322cb-585d-422a-bce5-ce2512cecdfd,bouncy.black,available,27.99,64.99,high,low,6,namesilo,,,23/09/2026 01:24
ce32bac6-3b21-4ba0-a22f-41bf32c4c191,went.black,available,27.99,64.99,high,low,4,namesilo,,,30/09/2026 22:44
e28dba98-86fa-4311-8d05-27335bce8868,housewife.black,available,17.48,82.98,medium,low,9,namecheap,,,29/09/2026 01:18
95047ed8-28ef-4009-b405-9e01b418cdd5,airlike.black,available,17.48,82.98,medium,low,7,namecheap,,,
174001eb-562b-4ccf-91de-198ab4bdebe8,beecher.black,available,27.99,64.99,medium,low,7,namesilo,,,23/09/2026 00:12
c45c8f4b-7adf-4192-9520-c51773f81291,avenger.black,available,27.99,64.99,high,low,7,namesilo,,,21/09/2026 08:56